Identifier A,Identifier B,Interaction
B4FX20,B4FX20,1
B8Y6I0,B8Y6I0,1
B4FZ94,B4FZ94,1
A6YRS1,A6YRS1,1
Q5EUD7,Q5EUD7,1
A2T1W7,A2T1W7,1
B6SJF5,B6SJF5,1
A8QM11,A8QM11,1
B4F7V9,B4F7V9,1
B4FZQ6,B4FZQ6,1
B4FZW1,B4FZW1,1
B4G004,B4G004,1
C0P9E5,C0P9E5,1
B4G0F2,B4G0F2,1
B4G0W3,B4G0W3,1
B4G1C9,B4G1C9,1
K7UUB0,K7UUB0,1
K7UX95,K7UX95,1
K7UZL8,K7UZL8,1
K7V6T4,K7V6T4,1
K7V8V3,K7V8V3,1
B6SJ90,B6SJ90,1
C4J5G0,C4J5G0,1
B6T8P9,B6T8P9,1
A0A1D6GPD5,A0A1D6GPD5,1
C0PDY7,C0PDY7,1
C0PPI1,C0PPI1,1
B6THF0,B6THF0,1
B6TJF5,B6TJF5,1
B6TNK2,B6TNK2,1
B6TSH5,B6TSH5,1
A0A1D6LSQ7,A0A1D6LSQ7,1
B6TW88,B6TW88,1
B6TFN4,B6TFN4,1
A0A1D6ENF9,A0A1D6ENF9,1
A0A1D6QNV1,A0A1D6QNV1,1
B4FQ40,B4FQ40,1
B4F8B7,B4F8B7,1
B4F8J7,B4F8J7,1
B4F8N5,B4F8N5,1
B4F8P1,B4F8P1,1
A0A1D6F227,A0A1D6F227,1
B7ZY74,B7ZY74,1
K7TL05,K7TL05,1
B6T9P0,B6T9P0,1
B8A019,B8A019,1
A0A1D6K232,A0A1D6K232,1
A0A1D6MB26,A0A1D6MB26,1
A0A096S009,A0A096S009,1
B8A0U2,B8A0U2,1
K7V9W1,K7V9W1,1
B8A1N8,B8A1N8,1
B4FQ61,B4FQ61,1
B4FSW2,B4FSW2,1
B4FPD1,B4FPD1,1
B6STH9,B6STH9,1
C4J4G2,C4J4G2,1
B6SUI6,B6SUI6,1
B6SHQ2,B6SHQ2,1
A0A096PXB1,A0A096PXB1,1
B6SXW8,B6SXW8,1
A0A1D6FU97,A0A1D6FU97,1
B6SZE0,B6SZE0,1
B4FJ92,B4FJ92,1
B6SIS5,B6SIS5,1
B4F7Z5,B4F7Z5,1
B6T2C6,B6T2C6,1
B6SK95,B6SK95,1
B6T3V1,B6T3V1,1
C0PHR4,C0PHR4,1
B4FVL1,B4FVL1,1
C4J935,C4J935,1
C0P3K6,C0P3K6,1
B6T7N2,B6T7N2,1
A0A1D6I7U9,A0A1D6I7U9,1
B6T4C6,B6T4C6,1
B6T828,B6T828,1
B4FMV3,B4FMV3,1
B4FKA1,B4FKA1,1
C4JBB4,C4JBB4,1
B4FPI6,B4FPI6,1
B6TB97,B6TB97,1
A0A1D6F8B8,A0A1D6F8B8,1
B6SPL7,B6SPL7,1
B6SHY8,B6SHY8,1
B4FK57,B4FK57,1
B6TGL5,B6TGL5,1
B4FLC0,B4FLC0,1
A0A1D6GVX5,A0A1D6GVX5,1
A0A1D6Q3E8,A0A1D6Q3E8,1
K7TRU5,K7TRU5,1
B4F9V2,B4F9V2,1
B4F9Z6,B4F9Z6,1
B4FAE1,B4FAE1,1
B4FAL2,B4FAL2,1
C0PGW3,C0PGW3,1
B4FNU9,B4FNU9,1
A0A1D6G555,A0A1D6G555,1
B6TPA4,B6TPA4,1
B6TRN2,B6TRN2,1
B6TS03,B6TS03,1
B4FUW2,B4FUW2,1
B4FL49,B4FL49,1
C4J9T9,C4J9T9,1
B6SJ34,B6SJ34,1
B6TU32,B6TU32,1
C0PGP9,C0PGP9,1
B6U194,B6U194,1
B6U1D4,B6U1D4,1
K7W0N3,K7W0N3,1
K7W117,K7W117,1
A0A1D6MPT6,A0A1D6MPT6,1
B4FI06,B4FI06,1
A0A1D6Q8E9,A0A1D6Q8E9,1
B6U784,B6U784,1
B6UAK0,B6UAK0,1
B6SJJ1,B6SJJ1,1
B6UH99,B6UH99,1
B6UHJ4,B6UHJ4,1
K7TJQ7,K7TJQ7,1
B4G0Z5,B4G0Z5,1
A0A1D6IXM2,A0A1D6IXM2,1
A0A1D6H920,A0A1D6H920,1
C0HIJ3,C0HIJ3,1
K7U2J9,K7U2J9,1
K7V4F4,K7V4F4,1
C0PEE2,C0PEE2,1
C0P455,C0P455,1
A0A1D6E6T3,A0A1D6E6T3,1
C0P7S8,C0P7S8,1
K7V044,K7V044,1
K7TSJ7,K7TSJ7,1
K7U2A9,K7U2A9,1
C0PEU3,C0PEU3,1
C0PK96,C0PK96,1
K7TVE3,K7TVE3,1
C4IYP4,C4IYP4,1
C4J0G4,C4J0G4,1
A0A1D6LQQ9,A0A1D6LQQ9,1
A0A1D6LR06,A0A1D6LR06,1
B6SI29,B6SI29,1
B6SJU3,B6SJU3,1
B4FBI0,B4FBI0,1
B4FBV4,B4FBV4,1
B6SZS2,B6SZS2,1
B4FCK9,B4FCK9,1
B4FCQ9,B4FCQ9,1
B4FCU1,B4FCU1,1
A0A1D6NMS6,A0A1D6NMS6,1
A0A1D6MZ39,A0A1D6MZ39,1
C0PF64,C0PF64,1
A0A1D6GI59,A0A1D6GI59,1
B6TQ08,B6TQ08,1
A0A1D6GVJ9,A0A1D6GVJ9,1
B4FZZ2,B4FZZ2,1
A0A1D6LDM7,A0A1D6LDM7,1
B4FNX8,B4FNX8,1
A0A1D6M795,A0A1D6M795,1
Q5NKN3,Q5NKN3,1
Q6EI12,Q6EI12,1
B4FZ81,B4FZ81,1
Q548E7,Q548E7,1
Q6JAE2,Q6JAE2,1
A0A1D6JQ22,A0A1D6JQ22,1
A0A1D6IGX5,A0A1D6IGX5,1
A0A1D6IHP1,A0A1D6IHP1,1
B6T1H0,B6T1H0,1
B4FNQ9,B4FNQ9,1
A0A1D6IN82,A0A1D6IN82,1
A0A1D6JW41,A0A1D6JW41,1
A0A1D6JWU8,A0A1D6JWU8,1
K7VW51,K7VW51,1
B6U886,B6U886,1
K7V4X2,K7V4X2,1
B4FCP0,B4FCP0,1
A0A1D6KA29,A0A1D6KA29,1
K7VZS5,K7VZS5,1
A0A1D6KEA0,A0A1D6KEA0,1
K7TYE5,K7TYE5,1
B4FEN6,B4FEN6,1
B4FEE3,B4FEE3,1
A0A1D6KLQ2,A0A1D6KLQ2,1
B6SRI4,B6SRI4,1
A0A1D6L0C8,A0A1D6L0C8,1
A0A1D6L203,A0A1D6L203,1
A0A1D6L651,A0A1D6L651,1
A0A1D6E3M8,A0A1D6E3M8,1
A0A1D6EBT5,A0A1D6EBT5,1
A0A1D6ET71,A0A1D6ET71,1
B4FLQ8,B4FLQ8,1
A0A1D6MU43,A0A1D6MU43,1
A0A1D6NE81,A0A1D6NE81,1
A0A1D6PU88,A0A1D6PU88,1
K7UCL3,K7UCL3,1
K7U9T4,K7U9T4,1
B6SMW8,B6SMW8,1
B6SK03,B6SK03,1
K7U964,K7U964,1
Q5EUD1,Q5EUD1,1
C0P2S3,C0P2S3,1
A0A1D6I2X6,A0A1D6I2X6,1
A0A1D6I8H7,A0A1D6I8H7,1
B4FEJ4,B4FEJ4,1
B4FJ27,B4FJ27,1
A0A1D6K1W3,A0A1D6K1W3,1
A0A1D6Q388,A0A1D6Q388,1
B4FDW2,B4FDW2,1
C0HGP0,C0HGP0,1
B4FP36,B4FP36,1
O50018,O50018,1
A0A096S8W7,A0A096S8W7,1
A0A1D6DSZ5,A0A1D6DSZ5,1
A0A1D6DUD4,A0A1D6DUD4,1
A0A1D6DZK4,A0A1D6DZK4,1
A0A1D6E3I5,A0A1D6E3I5,1
A0A1D6E3U8,A0A1D6E3U8,1
A0A1D6E7R3,A0A1D6E7R3,1
A0A1D6E802,A0A1D6E802,1
A0A1D6E8H9,A0A1D6E8H9,1
A0A1D6E8K9,A0A1D6E8K9,1
A0A1D6E9M1,A0A1D6E9M1,1
A0A1D6E9U1,A0A1D6E9U1,1
A0A1D6EA41,A0A1D6EA41,1
A0A1D6EAY0,A0A1D6EAY0,1
A0A1D6EBU9,A0A1D6EBU9,1
A0A1D6ECI1,A0A1D6ECI1,1
A0A1D6EIZ2,A0A1D6EIZ2,1
A0A1D6ELH4,A0A1D6ELH4,1
A0A1D6ELW4,A0A1D6ELW4,1
A0A1D6ENF4,A0A1D6ENF4,1
A0A1D6EP97,A0A1D6EP97,1
A0A1D6ES25,A0A1D6ES25,1
A0A1D6ESU1,A0A1D6ESU1,1
A0A1D6ET60,A0A1D6ET60,1
A0A1D6EUM9,A0A1D6EUM9,1
A0A1D6EVN7,A0A1D6EVN7,1
A0A1D6EX32,A0A1D6EX32,1
A0A1D6EYJ9,A0A1D6EYJ9,1
A0A1D6EZN1,A0A1D6EZN1,1
A0A1D6F1T7,A0A1D6F1T7,1
A0A1D6F1V6,A0A1D6F1V6,1
O49010,O49010,1
A4L9Q6,A4L9Q6,1
Q64HC3,Q64HC3,1
O22656,O22656,1
Q9ST24,Q9ST24,1
A0A1D6FBR8,A0A1D6FBR8,1
A0A1D6FBS3,A0A1D6FBS3,1
A0A1D6FCQ0,A0A1D6FCQ0,1
A0A1D6FES4,A0A1D6FES4,1
A0A1D6FF26,A0A1D6FF26,1
A0A1D6FHM9,A0A1D6FHM9,1
A0A1D6FHP1,A0A1D6FHP1,1
A0A1D6FNT7,A0A1D6FNT7,1
A0A1D6FQ43,A0A1D6FQ43,1
A0A1D6FQD5,A0A1D6FQD5,1
A0A1D6FRP9,A0A1D6FRP9,1
A0A1D6FSD1,A0A1D6FSD1,1
A0A1D6FSQ0,A0A1D6FSQ0,1
A0A1D6FX26,A0A1D6FX26,1
A0A1D6FYU5,A0A1D6FYU5,1
A0A1D6G0C7,A0A1D6G0C7,1
A0A1D6G1F0,A0A1D6G1F0,1
A0A1D6G1X3,A0A1D6G1X3,1
A0A1D6G2B5,A0A1D6G2B5,1
A0A1D6G678,A0A1D6G678,1
A0A1D6G6C5,A0A1D6G6C5,1
A0A1D6G6M1,A0A1D6G6M1,1
A0A1D6G824,A0A1D6G824,1
A0A1D6G9C4,A0A1D6G9C4,1
A0A1D6GDW5,A0A1D6GDW5,1
A0A1D6GFP9,A0A1D6GFP9,1
A0A1D6GG87,A0A1D6GG87,1
A0A1D6GRI6,A0A1D6GRI6,1
A0A1D6GRJ1,A0A1D6GRJ1,1
A0A1D6GSL8,A0A1D6GSL8,1
A0A1D6GT24,A0A1D6GT24,1
A0A1D6GWB6,A0A1D6GWB6,1
A0A1D6GWW5,A0A1D6GWW5,1
A0A1D6GZI1,A0A1D6GZI1,1
A0A1D6H1J5,A0A1D6H1J5,1
A0A1D6H4M0,A0A1D6H4M0,1
A0A1D6H6R3,A0A1D6H6R3,1
A0A1D6HAW8,A0A1D6HAW8,1
A0A1D6HB09,A0A1D6HB09,1
A0A1D6HC95,A0A1D6HC95,1
A0A1D6HCG5,A0A1D6HCG5,1
A0A1D6HD42,A0A1D6HD42,1
A0A1D6HD77,A0A1D6HD77,1
A0A1D6HEB6,A0A1D6HEB6,1
A0A1D6HFC5,A0A1D6HFC5,1
A0A1D6HLC9,A0A1D6HLC9,1
A0A1D6HN63,A0A1D6HN63,1
A0A1D6HTI7,A0A1D6HTI7,1
A0A1D6HVN5,A0A1D6HVN5,1
A0A1D6HVS1,A0A1D6HVS1,1
A0A1D6HW42,A0A1D6HW42,1
A0A1D6HWV5,A0A1D6HWV5,1
A0A1D6HXF7,A0A1D6HXF7,1
A0A1D6HXM2,A0A1D6HXM2,1
A0A1D6HXQ9,A0A1D6HXQ9,1
A0A1D6HXR0,A0A1D6HXR0,1
A0A1D6I2R9,A0A1D6I2R9,1
A0A1D6I459,A0A1D6I459,1
A0A1D6I5M5,A0A1D6I5M5,1
A0A1D6I854,A0A1D6I854,1
A0A1D6IBW9,A0A1D6IBW9,1
A0A1D6ICF7,A0A1D6ICF7,1
A0A1D6ICH6,A0A1D6ICH6,1
A0A1D6ICK8,A0A1D6ICK8,1
A0A1D6IER4,A0A1D6IER4,1
A0A1D6IJX7,A0A1D6IJX7,1
A0A1D6IK19,A0A1D6IK19,1
A0A1D6IL03,A0A1D6IL03,1
A0A1D6IL08,A0A1D6IL08,1
A0A1D6ILD0,A0A1D6ILD0,1
A0A1D6ILX5,A0A1D6ILX5,1
A0A1D6INR6,A0A1D6INR6,1
A0A1D6INZ6,A0A1D6INZ6,1
A0A1D6IV90,A0A1D6IV90,1
A0A1D6IXC8,A0A1D6IXC8,1
A0A1D6IYI2,A0A1D6IYI2,1
A0A1D6IYT5,A0A1D6IYT5,1
A0A1D6J0S9,A0A1D6J0S9,1
A0A1D6J431,A0A1D6J431,1
A0A1D6J4M3,A0A1D6J4M3,1
A0A1D6J5V3,A0A1D6J5V3,1
A0A1D6JB03,A0A1D6JB03,1
A0A1D6JBS5,A0A1D6JBS5,1
A0A1D6JD24,A0A1D6JD24,1
A0A1D6JDK3,A0A1D6JDK3,1
A0A1D6JDZ1,A0A1D6JDZ1,1
A0A1D6JH51,A0A1D6JH51,1
A0A1D6JJ47,A0A1D6JJ47,1
A0A1D6JM71,A0A1D6JM71,1
A0A1D6JMY2,A0A1D6JMY2,1
A0A1D6JP91,A0A1D6JP91,1
A0A1D6JPD5,A0A1D6JPD5,1
A0A1D6JQK2,A0A1D6JQK2,1
A0A1D6JRI5,A0A1D6JRI5,1
A0A1D6JRW3,A0A1D6JRW3,1
A0A1D6JTN6,A0A1D6JTN6,1
A0A1D6JVK1,A0A1D6JVK1,1
A0A1D6JVN9,A0A1D6JVN9,1
A0A1D6JY27,A0A1D6JY27,1
A0A1D6JZK8,A0A1D6JZK8,1
A0A1D6JZR1,A0A1D6JZR1,1
A0A1D6JZV9,A0A1D6JZV9,1
A0A1D6K1R9,A0A1D6K1R9,1
A0A1D6K203,A0A1D6K203,1
A0A1D6K417,A0A1D6K417,1
A0A1D6K627,A0A1D6K627,1
A0A1D6K888,A0A1D6K888,1
A0A1D6KCM4,A0A1D6KCM4,1
A0A1D6KGV2,A0A1D6KGV2,1
A0A1D6KID7,A0A1D6KID7,1
A0A1D6KIE6,A0A1D6KIE6,1
A0A1D6KIP3,A0A1D6KIP3,1
A0A1D6KJ41,A0A1D6KJ41,1
A0A1D6KJN3,A0A1D6KJN3,1
A0A1D6KKD1,A0A1D6KKD1,1
A0A1D6KKQ6,A0A1D6KKQ6,1
A0A1D6KLB2,A0A1D6KLB2,1
B6TZ71,B6TZ71,1
Q5GAN9,Q5GAN9,1
C0P753,C0P753,1
B4FG25,B4FG25,1
B4FG54,B4FG54,1
B4FGC8,B4FGC8,1
B4FPI2,B4FPI2,1
B6TE04,B6TE04,1
B4FR08,B4FR08,1
B4FBP0,B4FBP0,1
K7VK29,K7VK29,1
A0A1D6KNV0,A0A1D6KNV0,1
A0A1D6KU49,A0A1D6KU49,1
A0A1D6KV46,A0A1D6KV46,1
A0A1D6KWD0,A0A1D6KWD0,1
A0A1D6KYH2,A0A1D6KYH2,1
A0A1D6KYT0,A0A1D6KYT0,1
A0A1D6KYT6,A0A1D6KYT6,1
A0A1D6KZJ5,A0A1D6KZJ5,1
A0A1D6L0J1,A0A1D6L0J1,1
A0A1D6L2R1,A0A1D6L2R1,1
A0A1D6L3L6,A0A1D6L3L6,1
A0A1D6L541,A0A1D6L541,1
A0A1D6L6B8,A0A1D6L6B8,1
A0A1D6L6F1,A0A1D6L6F1,1
A0A1D6LBD6,A0A1D6LBD6,1
A0A1D6LBY0,A0A1D6LBY0,1
A0A1D6LBY3,A0A1D6LBY3,1
A0A1D6LF73,A0A1D6LF73,1
A0A1D6LIJ2,A0A1D6LIJ2,1
A0A1D6LL25,A0A1D6LL25,1
A0A1D6LN43,A0A1D6LN43,1
A0A1D6LNQ7,A0A1D6LNQ7,1
A0A1D6LQ20,A0A1D6LQ20,1
A0A1D6LR51,A0A1D6LR51,1
A0A1D6LXU7,A0A1D6LXU7,1
A0A1D6M1I0,A0A1D6M1I0,1
A0A1D6M1P7,A0A1D6M1P7,1
A0A1D6M4R7,A0A1D6M4R7,1
A0A1D6M5T1,A0A1D6M5T1,1
A0A1D6M5Z7,A0A1D6M5Z7,1
A0A1D6M723,A0A1D6M723,1
A0A1D6M7B9,A0A1D6M7B9,1
A0A1D6M7I0,A0A1D6M7I0,1
A0A1D6MA73,A0A1D6MA73,1
A0A1D6MAB5,A0A1D6MAB5,1
A0A1D6MBN2,A0A1D6MBN2,1
A0A1D6MBX4,A0A1D6MBX4,1
A0A1D6MEK7,A0A1D6MEK7,1
A0A1D6MHQ1,A0A1D6MHQ1,1
A0A1D6MK44,A0A1D6MK44,1
A0A1D6MKF8,A0A1D6MKF8,1
A0A1D6MLM9,A0A1D6MLM9,1
A0A1D6MM98,A0A1D6MM98,1
A0A1D6MNG2,A0A1D6MNG2,1
A0A1D6MTK0,A0A1D6MTK0,1
A0A1D6MTP8,A0A1D6MTP8,1
A0A1D6MVE6,A0A1D6MVE6,1
A0A1D6MXC5,A0A1D6MXC5,1
A0A1D6MXH4,A0A1D6MXH4,1
A0A1D6MZR2,A0A1D6MZR2,1
A0A1D6N0Q6,A0A1D6N0Q6,1
A0A1D6N1H7,A0A1D6N1H7,1
A0A1D6N3N7,A0A1D6N3N7,1
A0A1D6N4Q6,A0A1D6N4Q6,1
A0A1D6N5V0,A0A1D6N5V0,1
A0A1D6N6A3,A0A1D6N6A3,1
A0A1D6N6U0,A0A1D6N6U0,1
A0A1D6N7V3,A0A1D6N7V3,1
A0A1D6N969,A0A1D6N969,1
K7VGL4,K7VGL4,1
B4FU00,B4FU00,1
B6UG10,B6UG10,1
B4FT35,B4FT35,1
B4FTC1,B4FTC1,1
B4FGQ6,B4FGQ6,1
B4FHG9,B4FHG9,1
B4FI07,B4FI07,1
K7URC3,K7URC3,1
A0A1D6NE84,A0A1D6NE84,1
A0A1D6NEK2,A0A1D6NEK2,1
A0A1D6NEY9,A0A1D6NEY9,1
A0A1D6NF81,A0A1D6NF81,1
A0A1D6NGW9,A0A1D6NGW9,1
A0A1D6NKQ5,A0A1D6NKQ5,1
A0A1D6NR73,A0A1D6NR73,1
A0A1D6NS94,A0A1D6NS94,1
A0A1D6NT56,A0A1D6NT56,1
A0A1D6NTG8,A0A1D6NTG8,1
A0A1D6NTJ2,A0A1D6NTJ2,1
A0A1D6NVN3,A0A1D6NVN3,1
A0A1D6NVZ3,A0A1D6NVZ3,1
A0A1D6P2S6,A0A1D6P2S6,1
A0A1D6P4S0,A0A1D6P4S0,1
A0A1D6P567,A0A1D6P567,1
A0A1D6PFS8,A0A1D6PFS8,1
A0A1D6PK72,A0A1D6PK72,1
A0A1D6PM19,A0A1D6PM19,1
A0A1D6PM30,A0A1D6PM30,1
A0A1D6PRM3,A0A1D6PRM3,1
A0A1D6PTR0,A0A1D6PTR0,1
A0A1D6PU15,A0A1D6PU15,1
A0A1D6PW84,A0A1D6PW84,1
A0A1D6PWM4,A0A1D6PWM4,1
A0A1D6PWP4,A0A1D6PWP4,1
A0A1D6PWX7,A0A1D6PWX7,1
A0A1D6PYY0,A0A1D6PYY0,1
A0A1D6Q3H8,A0A1D6Q3H8,1
A0A1D6Q588,A0A1D6Q588,1
A0A1D6Q5L0,A0A1D6Q5L0,1
A0A1D6Q6U2,A0A1D6Q6U2,1
A0A1D6Q7T3,A0A1D6Q7T3,1
A0A1D6Q972,A0A1D6Q972,1
A0A1D6Q9Z0,A0A1D6Q9Z0,1
A0A1D6QBN2,A0A1D6QBN2,1
A0A1D6QE75,A0A1D6QE75,1
A0A1D6QFM0,A0A1D6QFM0,1
A0A1D6QH07,A0A1D6QH07,1
A0A1D6QJ28,A0A1D6QJ28,1
A0A1D6QJ88,A0A1D6QJ88,1
C0PB84,C0PB84,1
A0A1D6QRE1,A0A1D6QRE1,1
A0A1D6QSL7,A0A1D6QSL7,1
A0A1D6QSV7,A0A1D6QSV7,1
A0A1D6QT72,A0A1D6QT72,1
A0A1D6QVF4,A0A1D6QVF4,1
B4FIE9,B4FIE9,1
B4FIF4,B4FIF4,1
A0A1D6PUK8,A0A1D6PUK8,1
B4FH55,B4FH55,1
B4FJ62,B4FJ62,1
B4FJ95,B4FJ95,1
B4FJ98,B4FJ98,1
A0A1Q0YGV1,A0A1Q0YGV1,1
A0A1R3MB28,A0A1R3MB28,1
A0A1R3MJR2,A0A1R3MJR2,1
A0A1R3MKD7,A0A1R3MKD7,1
A0A096QXB7,A0A096QXB7,1
B4F7S2,B4F7S2,1
B4FAA5,B4FAA5,1
B4FBP8,B4FBP8,1
B4FD59,B4FD59,1
B4FE90,B4FE90,1
B4FFH8,B4FFH8,1
B4FFP9,B4FFP9,1
B4FFU0,B4FFU0,1
B4FG16,B4FG16,1
B4FHZ7,B4FHZ7,1
B4FIW6,B4FIW6,1
B4FKE8,B4FKE8,1
B4FKH3,B4FKH3,1
B4FLL1,B4FLL1,1
B4FLZ6,B4FLZ6,1
B4FMM6,B4FMM6,1
B4FNM4,B4FNM4,1
B4FT00,B4FT00,1
B4FU14,B4FU14,1
B4FUR5,B4FUR5,1
B4FV87,B4FV87,1
B4FYW4,B4FYW4,1
B4FZJ1,B4FZJ1,1
B4G0F8,B4G0F8,1
B4G0H3,B4G0H3,1
B6SIN8,B6SIN8,1
B6SIY6,B6SIY6,1
B6SJ40,B6SJ40,1
B6SKA0,B6SKA0,1
B6SKT2,B6SKT2,1
B6SZY5,B6SZY5,1
B4FXB2,B4FXB2,1
B4FXE4,B4FXE4,1
C4JA17,C4JA17,1
B6T191,B6T191,1
B6T2A5,B6T2A5,1
B6T303,B6T303,1
B6T3B2,B6T3B2,1
B6T3C9,B6T3C9,1
B6T4C5,B6T4C5,1
B6TA94,B6TA94,1
B6TLX2,B6TLX2,1
B6TVQ4,B6TVQ4,1
B6UFF4,B6UFF4,1
B4FJY5,B4FJY5,1
B4FK09,B4FK09,1
B6UA21,B6UA21,1
B4FKU2,B4FKU2,1
A0A1D6J5J5,A0A1D6J5J5,1
B6TYC1,B6TYC1,1
B8A2Z7,B8A2Z7,1
B8A342,B8A342,1
B4FW90,B4FW90,1
A1DZD5,A1DZD5,1
A1DZD7,A1DZD7,1
C0HES6,C0HES6,1
C0P8K4,C0P8K4,1
C0PFK3,C0PFK3,1
C0PFW7,C0PFW7,1
C0PHE3,C0PHE3,1
C0PHL6,C0PHL6,1
C0PLH8,C0PLH8,1
C0PP99,C0PP99,1
K7VP35,K7VP35,1
C4J434,C4J434,1
C4JAU6,C4JAU6,1
C4JBF9,C4JBF9,1
K7WBK7,K7WBK7,1
Q9MAY9,Q9MAY9,1
C3UZ69,C3UZ69,1
G2XK63,G2XK63,1
E5LFQ7,E5LFQ7,1
A0A060D8P6,A0A060D8P6,1
K7TPE9,K7TPE9,1
K7TYT2,K7TYT2,1
K7U4R6,K7U4R6,1
C0P3K6,A0A1D6KJ41,0
A0A1D6MLM9,A0A1D6LBD6,0
C0P3K6,K7TSJ7,0
B4FNQ9,A0A1D6I5M5,0
A0A1D6Q7T3,B6TVQ4,0
A0A1D6KID7,C0P753,0
C3UZ69,B4FLQ8,0
A0A1D6HTI7,A0A1D6KKD1,0
A0A1D6HD42,B4F7Z5,0
B6THF0,B8A0U2,0
A0A1D6F1V6,A0A1D6IYI2,0
C0PGP9,A0A1D6G9C4,0
A0A096PXB1,B4FE90,0
A0A1D6HC95,A0A1D6M7I0,0
A0A1D6NEK2,B4FQ40,0
A0A1D6JWU8,B4FTC1,0
B4FJ92,C0HES6,0
B4FBP8,B6SRI4,0
A0A1D6EUM9,A0A1D6NS94,0
A0A1D6J431,A0A1D6J4M3,0
B4FGQ6,A0A1D6E3I5,0
A0A1D6EX32,K7U9T4,0
K7WBK7,A0A1D6PM19,0
A0A096S8W7,A0A060D8P6,0
A0A1D6PU88,A0A1D6IK19,0
C0PGP9,B4F9V2,0
G2XK63,Q548E7,0
A0A1D6LQQ9,C0P8K4,0
B6T3B2,A0A1D6E6T3,0
C4J9T9,B8A0U2,0
B4F7Z5,A0A1D6KKD1,0
A0A1D6LDM7,A0A1D6E3I5,0
B6TS03,C0PFW7,0
A0A1D6KYT6,A0A1D6P2S6,0
B4G0F8,B4FIW6,0
A4L9Q6,B6T1H0,0
A0A1D6EAY0,B4F8P1,0
A0A1D6KGV2,A0A1D6QVF4,0
A0A1D6QH07,K7TSJ7,0
A0A1D6PWM4,A0A1D6EBT5,0
A0A1D6QJ88,B8A342,0
B4FG16,B6SZY5,0
C4IYP4,A0A1D6LBY0,0
B4G004,B6T4C5,0
B6T2C6,A0A1D6FSD1,0
K7V4X2,A0A1D6GFP9,0
A0A1D6HD42,C0PGW3,0
C3UZ69,A0A1D6NMS6,0
B4FLZ6,A0A1D6G0C7,0
A0A1D6M1I0,B4FBP8,0
A0A1D6Q6U2,A0A1D6JVK1,0
A0A1D6Q972,K7VW51,0
A0A1D6EZN1,A0A1D6JMY2,0
B4FG54,A0A1D6H4M0,0
Q5GAN9,C0HIJ3,0
A0A1D6JH51,A0A1D6JRI5,0
C0PGW3,A0A1D6EZN1,0
A0A1D6ILX5,B6T2A5,0
A0A1D6MKF8,A0A1D6IXC8,0
B4FLZ6,B6SIS5,0
A0A1D6HEB6,B4FLQ8,0
K7TJQ7,A0A1D6G6M1,0
A0A096S8W7,B6SXW8,0
A0A1D6ICH6,B6UH99,0
B4FFH8,A0A1D6HCG5,0
A0A1D6FRP9,A0A1D6EUM9,0
A0A1D6IL08,B8A0U2,0
C0P3K6,A0A1D6PYY0,0
A0A1D6G6C5,A0A1D6FHM9,0
B4FHG9,B6UH99,0
A0A1D6KEA0,A0A1D6QRE1,0
B6TQ08,B6TRN2,0
A0A1R3MKD7,A0A1D6F227,0
B6SIY6,A0A1D6N969,0
C0P753,K7TRU5,0
A0A1D6PW84,B4FE90,0
A0A1D6L3L6,A0A1D6JWU8,0
A0A1D6NT56,B6SK03,0
A0A1D6K888,B6T9P0,0
A0A1D6EIZ2,A0A1D6PW84,0
B4FLZ6,A0A1D6QT72,0
A0A1D6GPD5,B6TGL5,0
A0A1D6KV46,A0A1D6LQ20,0
A0A1D6QH07,A0A096QXB7,0
A0A1D6Q6U2,B6T1H0,0
B4F8N5,K7U964,0
B6SJF5,C0P2S3,0
A0A1D6FES4,A0A1D6MZ39,0
A0A1D6Q588,A0A1D6FYU5,0
B6T8P9,A0A1D6GI59,0
A0A1D6IYI2,B4FD59,0
A0A1D6JJ47,C4J935,0
A0A1D6HXM2,B4FU00,0
B4FZW1,A0A1D6Q5L0,0
B4FL49,A0A1D6PM19,0
B6SJ40,A0A1D6NF81,0
A0A1D6Q8E9,K7TYE5,0
A4L9Q6,B6T2A5,0
B8Y6I0,B8A1N8,0
C4J5G0,B4FW90,0
A0A1D6HXQ9,B4FBP8,0
A0A1D6GFP9,A0A1D6G555,0
A0A1D6JDK3,A0A1D6EUM9,0
A0A1D6EZN1,C0PEU3,0
A0A1D6JY27,A0A096QXB7,0
C0PP99,B4G1C9,0
C0HES6,A0A1D6HCG5,0
A0A1D6LNQ7,A0A1D6G824,0
A0A1D6EA41,A0A1D6G1F0,0
A0A1D6MXH4,A0A1D6M1I0,0
A0A1D6ICH6,Q9MAY9,0
A0A1D6KV46,B6U886,0
K7TVE3,A0A1D6J5J5,0
A0A1D6FBR8,A0A1D6MZ39,0
B4FSW2,A0A1D6GVX5,0
A0A1D6FF26,C0PP99,0
B6T3B2,A0A1D6JWU8,0
B6SZE0,C0PK96,0
A0A1D6KJN3,A0A1D6LBY3,0
K7VP35,A8QM11,0
B6SHQ2,A0A1D6KWD0,0
B4FGC8,B6SZY5,0
B4FV87,B4FG16,0
A0A1D6HN63,B4FYW4,0
A0A1D6M5Z7,B4FIF4,0
A0A1D6QFM0,A0A1D6PWX7,0
B4G004,A0A1D6QVF4,0
A0A1D6ET71,C4JBF9,0
B4FCK9,Q64HC3,0
Q5EUD1,B4FKU2,0
B4FJ92,B6SMW8,0
C0P3K6,C4J9T9,0
B6UAK0,A0A1D6HW42,0
K7V6T4,A0A1D6G0C7,0
A0A1D6KLB2,A0A1D6FYU5,0
A0A1D6LXU7,B4FIF4,0
B4FLL1,B4F8N5,0
A0A1D6JY27,A0A1D6MB26,0
B4FZ94,A0A1D6NKQ5,0
A0A1D6EP97,A0A1D6N3N7,0
A0A1D6GWB6,A0A1D6NS94,0
A0A1D6JH51,A0A1D6QRE1,0
B6TJF5,B6SZY5,0
B6SHY8,A0A1D6K627,0
B6U886,A0A1D6PW84,0
A0A1D6I459,A0A1D6N1H7,0
A0A1D6MAB5,A0A1D6QFM0,0
B6SJJ1,A0A1D6NVN3,0
B6U886,K7VGL4,0
A0A1D6FSQ0,A0A1D6Q3H8,0
A0A1D6QH07,B4FEN6,0
O49010,A0A1D6HXF7,0
K7TYE5,B4FKH3,0
B6SJ34,A0A1D6JWU8,0
K7URC3,A0A1D6PFS8,0
B6U886,B4FDW2,0
A0A1D6HXM2,A0A1D6LBY0,0
B6TLX2,B4FZZ2,0
A0A1D6M1I0,A0A1D6MM98,0
B4FCP0,B8A342,0
B4FR08,B6STH9,0
A0A1D6NVN3,Q6EI12,0
A0A1D6JZK8,A0A1D6KA29,0
A0A1D6LN43,B4FT35,0
A0A1D6MBX4,A0A1D6IL03,0
B4FG16,B4FKU2,0
A0A1D6G6C5,B4FZ94,0
A0A1D6IN82,C4IYP4,0
A0A096PXB1,A0A1D6G824,0
B4FT35,A0A1D6KJ41,0
B6T191,B6TZ71,0
A0A1D6H920,B6SK03,0
A0A1D6K1R9,A0A1D6GWW5,0
B6SZE0,B4G0F2,0
A0A1D6ILX5,A0A1D6NEK2,0
B8A019,A0A1D6GG87,0
A0A1D6N1H7,B4FKA1,0
A0A1D6ICF7,K7VZS5,0
A0A1D6ELH4,B6THF0,0
B6SK95,A0A1D6L0J1,0
A0A1D6FSD1,A0A1D6K232,0
A0A1D6IXM2,A0A1D6MZR2,0
B4FAL2,Q6EI12,0
B4FT00,A0A1D6K627,0
A2T1W7,B4FZJ1,0
A0A1D6M4R7,B6TPA4,0
A0A1D6IL08,B4FAL2,0
K7UZL8,A0A1D6JVK1,0
A0A1D6KZJ5,C0PEU3,0
A0A1D6KIP3,A0A1D6QSV7,0
B4FAL2,B4F9V2,0
B4F8J7,A0A1D6E802,0
K7VW51,A8QM11,0
A0A1D6INZ6,A0A1D6G6M1,0
A0A1Q0YGV1,B4FXB2,0
A0A1D6I8H7,A0A1D6KID7,0
A0A1D6GWB6,A0A060D8P6,0
C0PGW3,B6T303,0
Q5EUD7,A0A1Q0YGV1,0
B6SJJ1,C0P455,0
C0P3K6,B4FQ61,0
A0A1D6L6B8,B4FQ61,0
A0A1D6FHM9,A0A1D6L651,0
A0A1D6F1T7,A0A1D6H4M0,0
A0A1D6GPD5,A0A1D6NKQ5,0
A0A1D6G6C5,K7W117,0
A0A1D6MB26,B4FIE9,0
A0A1D6Q8E9,B4FGQ6,0
K7U964,A0A1D6N7V3,0
B4FMV3,A0A1D6ELH4,0
B4FIF4,B4FI06,0
A0A1D6EX32,A0A1D6I7U9,0
A0A1D6JBS5,A0A1D6IXM2,0
B4FAE1,A0A1D6HVS1,0
B4F7S2,A0A1D6K203,0
B6T4C5,B8A342,0
B4FCK9,K7U4R6,0
A0A1D6KKQ6,C0P8K4,0
B6T191,B4FJ98,0
A0A1D6EIZ2,B4FKA1,0
A0A1D6G6C5,C0PHR4,0
B6SJJ1,B4FUW2,0
A0A1D6KKQ6,A0A1D6I5M5,0
A0A096S8W7,B4FJ95,0
C0P2S3,B4FZJ1,0
B6TZ71,A0A1D6KEA0,0
B4FZ81,K7V4X2,0
K7TRU5,K7V6T4,0
A0A1D6KIP3,A0A1D6J0S9,0
K7W117,A0A1D6LL25,0
A0A1D6HC95,B6SRI4,0
A0A1D6I2X6,A0A1D6M723,0
A0A1D6JP91,C4J4G2,0
A0A1D6JDZ1,A0A096S009,0
B6TU32,C4J9T9,0
A0A1D6QJ88,C0P2S3,0
B4FP36,C4JBB4,0
K7VP35,A0A1D6FNT7,0
B6TZ71,C0PFK3,0
B4F9Z6,A6YRS1,0
B6UG10,A0A1D6INZ6,0
B6SK95,A0A1D6PRM3,0
A0A1D6K1R9,A0A1D6QT72,0
A0A1D6I854,B4FIF4,0
B6SJ90,B6T1H0,0
A0A1D6ENF4,B6TSH5,0
A0A1D6IXC8,A0A1D6MNG2,0
A0A1D6H1J5,A0A1D6GRI6,0
K7V4X2,A0A1D6PM19,0
B4FEJ4,B4FE90,0
B4FIW6,K7VW51,0
A0A1D6LR51,K7VGL4,0
B4G0W3,A0A1D6KKD1,0
B4FZW1,A0A1D6LIJ2,0
A0A1D6F1T7,A0A1D6NTG8,0
B6T3V1,A0A1D6JQK2,0
B4FMV3,B6SZS2,0
B4FMM6,B4FVL1,0
A0A1D6JBS5,A0A1D6LR06,0
K7TJQ7,B6TSH5,0
B4FLL1,B4FDW2,0
A0A1D6KCM4,B6T303,0
A0A1D6HTI7,A0A1D6H4M0,0
A0A1D6FHP1,B4FT35,0
A0A1D6ILD0,B6T3B2,0
B4FU00,A0A1D6J431,0
B4F7S2,A0A1D6HTI7,0
A0A1D6HWV5,O50018,0
A0A1D6QSV7,A0A1D6QNV1,0
B6SUI6,A0A1D6GRJ1,0
A0A1D6JH51,A0A1D6HB09,0
B4FNM4,A0A1D6JQK2,0
B6SXW8,A0A1D6MU43,0
A0A1D6ES25,K7TYE5,0
B4FLL1,A0A1D6IL08,0
A0A1D6IL08,B6T8P9,0
A0A1D6LIJ2,B4FUR5,0
B4FMV3,A0A1D6E802,0
C0PHE3,B6SIS5,0
A0A1D6PM30,A0A1D6JD24,0
A0A1D6E9M1,B4FU00,0
C0PFW7,K7V044,0
B4FEN6,A0A1D6M7B9,0
A0A1D6KYH2,A0A1D6J4M3,0
B6SK03,A4L9Q6,0
A0A1D6F8B8,A0A1D6EAY0,0
B6TE04,A0A1D6IK19,0
B4G0H3,B6SJU3,0
A0A1D6Q8E9,A0A1D6PU15,0
A0A1D6QH07,A0A1D6IGX5,0
B6T191,C0P753,0
A0A1D6N3N7,A0A1D6N4Q6,0
A0A1D6JB03,A0A096PXB1,0
K7WBK7,A0A1D6HVS1,0
A0A1D6M4R7,A0A1D6HXF7,0
A0A1D6JDZ1,A0A1D6KKD1,0
B4F7S2,A0A1D6HXM2,0
A0A1D6ILX5,A0A1D6DUD4,0
A0A1D6M723,A0A1D6E8H9,0
A0A1D6I8H7,A0A1D6IL03,0
B4FSW2,B4FI07,0
B4FFP9,A0A1D6HWV5,0
A0A1D6ET60,A0A1D6IHP1,0
A0A1D6PK72,A0A1D6LR06,0
C4J935,B4FU00,0
B6TE04,Q548E7,0
A0A1D6KU49,Q5EUD1,0
O22656,A0A1D6KCM4,0
A0A1D6Q9Z0,A0A1D6KA29,0
A0A1D6KIP3,A0A060D8P6,0
A0A1D6Q8E9,A0A1D6EP97,0
B6TS03,A0A1D6NR73,0
A0A1D6ELH4,B6UHJ4,0
A0A1D6L2R1,A0A1D6ENF4,0
B4F7Z5,K7U964,0
A0A1D6MXC5,A0A1D6GVX5,0
A0A1D6KLB2,K7V9W1,0
A0A1D6HEB6,A0A1D6E6T3,0
B6UAK0,B4FNU9,0
A0A1D6H1J5,K7VZS5,0
B6U1D4,B4F7V9,0
B6SJ40,B4FJ27,0
A0A1D6IN82,A0A1D6IYT5,0
B4FQ61,A0A1D6GI59,0
A0A1D6HD77,O50018,0
B4FBP0,A0A1R3MJR2,0
A0A1D6MA73,A0A1D6E6T3,0
B6TFN4,B4FUW2,0
B6TQ08,A8QM11,0
A0A1D6KYT6,B4FKA1,0
A0A1D6HXM2,C0PHL6,0
B4FJY5,A0A1D6QNV1,0
B4FSW2,A0A1D6NMS6,0
A0A1D6FHP1,C0PK96,0
B4FCP0,A0A1D6I7U9,0
A0A1D6EX32,A0A1D6E6T3,0
A0A1D6JBS5,A0A1D6JH51,0
B6SIN8,B4F8N5,0
A0A1D6MA73,B4F8N5,0
A0A1D6HC95,A0A1D6JZV9,0
A0A1D6KA29,A0A1D6HXF7,0
A0A1D6PTR0,Q9MAY9,0
K7TYT2,A0A1D6FSQ0,0
A0A1D6FF26,B4FG16,0
A0A1D6INR6,C0PFW7,0
A0A1D6FF26,A0A1D6N5V0,0
A0A1D6J4M3,B4FXB2,0
B6UFF4,A0A1D6FRP9,0
A0A1D6N0Q6,B6T828,0
A0A1D6IN82,A0A1D6M7B9,0
A0A1D6FHM9,C0PFK3,0
A0A1D6MA73,B4FEJ4,0
A0A1D6EAY0,A0A1D6I7U9,0
A0A1D6EVN7,A0A1D6MZR2,0
K7UCL3,B4G0W3,0
A0A1D6GT24,C0HIJ3,0
A0A1D6HXQ9,A0A1D6KNV0,0
A0A1D6Q588,A0A1D6E8H9,0
O50018,A8QM11,0
B4FZW1,B6SK95,0
B4FAA5,B6TFN4,0
B6TU32,A0A1D6E6T3,0
A0A1D6ET71,B4FCU1,0
A0A1D6GWW5,B6T828,0
K7TJQ7,B4FPI6,0
K7VP35,A0A1D6EUM9,0
B4G0F2,A0A1D6QNV1,0
C0PF64,A0A1D6K1R9,0
K7TPE9,A0A1D6NE81,0
B4FEJ4,A0A1D6HWV5,0
A0A1D6FBS3,A0A1D6NVN3,0
K7V4X2,B4FZZ2,0
B6TJF5,B6TQ08,0
A0A1D6N5V0,A0A1D6J5V3,0
A0A1D6NE81,K7UX95,0
A0A1D6IV90,B6T191,0
A0A1D6Q8E9,B4FE90,0
B7ZY74,B6SIY6,0
A0A1D6MKF8,A0A1Q0YGV1,0
A0A1D6LXU7,K7TSJ7,0
Q5EUD1,A0A1D6E3I5,0
B4FMV3,A0A1D6Q388,0
A0A1D6JDK3,C0PP99,0
A0A1D6JVN9,B6UG10,0
A0A1D6I8H7,B6SJF5,0
A0A1D6LDM7,C4JBF9,0
B8Y6I0,A0A1D6MK44,0
A0A1D6PWM4,Q5EUD7,0
A0A1D6JWU8,A0A1D6FNT7,0
A0A1D6KU49,B6SK95,0
A0A1R3MJR2,A0A1D6NVN3,0
B4FEE3,A0A1D6EIZ2,0
A0A1D6HD42,A0A1D6QH07,0
A0A1D6G1F0,A0A1D6LNQ7,0
A0A1D6N0Q6,B4FCQ9,0
B6TS03,A0A1D6GVX5,0
K7UUB0,C0P8K4,0
A0A1D6JZR1,A0A1D6E802,0
Q9ST24,B6U194,0
B6T3B2,B4FU14,0
B4FBV4,A0A1D6QH07,0
C0PHL6,B8A0U2,0
C0PGW3,A0A1D6QT72,0
A0A1D6JVN9,B4G0W3,0
B4G0W3,C0PK96,0
B4FAL2,B6TPA4,0
A0A1D6N0Q6,A0A1D6MEK7,0
A1DZD7,A0A1D6HXQ9,0
B6U886,A0A1D6FQD5,0
A0A1D6GSL8,B4G0Z5,0
A0A1D6LNQ7,B6SIS5,0
A0A1D6LDM7,B4FPI2,0
Q5EUD7,C4JBB4,0
K7TVE3,B4FQ61,0
B6TFN4,B4FYW4,0
A0A1D6MBN2,K7VW51,0
B6UA21,B6SMW8,0
O49010,B4FIF4,0
A0A1D6QSV7,B4G0F2,0
A0A1D6EP97,A0A1D6KCM4,0
C0PHR4,B6UH99,0
B6T3C9,A0A1D6JMY2,0
A0A1D6LL25,K7V8V3,0
A0A1D6MBX4,A0A1D6ILD0,0
C4JA17,A0A1D6Q8E9,0
B6SIN8,B6SKA0,0
C4JBF9,B6SRI4,0
A0A1D6ICH6,Q6EI12,0
A0A1D6E6T3,A0A1D6JWU8,0
B6T3C9,A0A1D6N7V3,0
A0A1D6EZN1,B4FCU1,0
A0A1D6E9M1,A0A1D6G678,0
B4G004,C4JAU6,0
A0A1D6I459,B4FPI6,0
B4FNM4,A0A1D6J431,0
A0A1D6JTN6,A0A1D6QNV1,0
A0A1D6EAY0,A0A1D6PW84,0
A0A1D6INR6,A0A1D6G678,0
B6SKA0,B4FG25,0
A0A1D6FQD5,A0A1D6LBD6,0
B4FGQ6,B4FSW2,0
C0PGP9,B4FEJ4,0
B6UFF4,A6YRS1,0
K7VP35,A0A1D6ES25,0
B4FPD1,A0A1D6I2R9,0
A0A1D6EIZ2,C4J4G2,0
A0A1D6LDM7,A0A1D6I5M5,0
A0A1D6DUD4,A0A1D6HLC9,0
B7ZY74,A0A1D6EZN1,0
A0A1D6Q7T3,A0A1D6E802,0
A0A1D6L3L6,A0A1D6GRJ1,0
A0A1D6IL03,K7U964,0
K7W0N3,B4FW90,0
A0A1D6HB09,A0A1D6JTN6,0
C0PHL6,C0P7S8,0
A0A1D6JVN9,B4FKH3,0
K7WBK7,A0A1D6HLC9,0
Q5EUD7,A0A1D6PWP4,0
A0A1D6NTJ2,A0A1D6NKQ5,0
A0A1D6HD77,A0A1D6JRW3,0
A0A1D6Q3H8,A0A1D6PU15,0
A0A1D6KKQ6,A0A1D6L0J1,0
A0A1D6FQD5,A0A1D6J5V3,0
B6U1D4,A0A1D6E8K9,0
A0A1D6I8H7,A0A1D6PK72,0
C4J935,A0A1D6HXF7,0
A0A1D6JZK8,A0A1D6GZI1,0
B6TNK2,A0A1D6MBN2,0
K7V4F4,A0A1D6PU15,0
A0A1D6FF26,B4FEJ4,0
A0A1D6JVN9,Q64HC3,0
A0A1D6ILX5,A0A1D6MZR2,0
A0A1D6QH07,A0A1R3MJR2,0
K7V6T4,B4FCU1,0
C0PHE3,A0A1D6EZN1,0
B7ZY74,A0A1D6FES4,0
A0A1D6KYT6,A0A1D6HCG5,0
B4FAA5,A0A1Q0YGV1,0
A0A1D6E8K9,A0A1D6GZI1,0
B4FL49,A0A1D6G555,0
A0A1D6GDW5,A0A1D6E7R3,0
B4FUR5,A0A1D6NR73,0
A0A1D6INZ6,A0A1D6IJX7,0
A0A1D6KKD1,B6TPA4,0
A0A1D6FSD1,A0A1D6JW41,0
B6SJF5,A0A1D6EBU9,0
A0A1D6N969,B4FZZ2,0
B4FHG9,A0A1D6HWV5,0
B4FX20,A0A1D6N969,0
B6SJJ1,B4FJ95,0
B4FAE1,A0A1D6HVN5,0
A0A1D6KKQ6,B6T9P0,0
A0A1D6G6C5,A0A1D6NF81,0
A2T1W7,C0PFK3,0
A0A1D6E3U8,K7V8V3,0
B4FAA5,Q6JAE2,0
B6UA21,A0A096PXB1,0
A0A1D6HC95,A0A1D6K1R9,0
C0HES6,A0A1D6L203,0
A0A1D6MLM9,A0A1D6G678,0
K7V4F4,B4FHZ7,0
A0A1D6Q972,C4J935,0
C0PHE3,A0A1D6PFS8,0
B6SJJ1,A0A1D6MBX4,0
A0A1D6IL08,A0A1D6KWD0,0
A0A1D6K888,A0A1D6MLM9,0
A0A1D6IXM2,B4FZJ1,0
B6SKA0,K7W0N3,0
A0A1D6JVN9,A0A1D6HTI7,0
A0A1D6E3M8,A0A1D6J4M3,0
B8A019,A0A1D6PUK8,0
B4FNM4,A0A1D6QNV1,0
A0A1D6KV46,A0A1D6MBN2,0
B6SKA0,B4F7V9,0
A0A1D6GDW5,A0A1D6L6F1,0
A0A1D6FSQ0,A0A1D6MBN2,0
B4FK09,A0A1D6M7B9,0
A0A1D6MA73,A0A1D6LNQ7,0
B6TW88,B6SKA0,0
A0A1D6EA41,A0A1D6EBT5,0
A0A1D6F1T7,A0A1D6HFC5,0
A0A1D6PU88,A0A1D6FCQ0,0
A0A1D6LR51,A0A1D6FX26,0
A0A1D6Q5L0,A0A1D6MM98,0
B6SMW8,A0A1D6KLQ2,0
A0A1D6MXH4,A0A1D6EIZ2,0
B6SXW8,A0A1D6K417,0
B6TQ08,K7VW51,0
C0PB84,A0A1D6EP97,0
B4FZW1,B4FW90,0
B6T7N2,B4FH55,0
B8Y6I0,A0A1D6HXF7,0
B4FFU0,B8A342,0
A0A1D6FF26,A0A1D6NF81,0
A0A1D6EAY0,B6T1H0,0
A0A1D6J5V3,B4FYW4,0
B4FBP0,K7VK29,0
B4FSW2,A0A1D6EZN1,0
B6THF0,B4FXB2,0
B6SZY5,A0A1D6HXR0,0
A0A1D6Q8E9,K7V8V3,0
A0A1D6HB09,A0A1D6K1R9,0
B4FAE1,A0A1D6NF81,0
B6SKA0,B4FNM4,0
A0A1D6IYT5,B4FKA1,0
A0A1D6ET71,A0A1D6MM98,0
A0A1D6GWB6,A0A1D6H4M0,0
C0PGP9,A0A1D6PUK8,0
B6UHJ4,B6SHQ2,0
B4FKE8,C0P8K4,0
A0A1D6PWM4,A0A1D6LNQ7,0
B4F8B7,A0A1D6MM98,0
K7VP35,K7UZL8,0
B6UHJ4,A0A1D6J431,0
A0A1D6JBS5,A0A1D6EZN1,0
K7U2J9,B4FYW4,0
A0A1D6LR06,A0A1D6MU43,0
B6T9P0,B6SMW8,0
B4FUW2,B6TRN2,0
A0A1D6QJ28,A0A1D6JWU8,0
B4FMV3,K7VZS5,0
A0A1D6I854,A0A1D6QSL7,0
B4FK57,A0A1D6FNT7,0
B4FEN6,A0A1D6JRW3,0
B6UFF4,B4FBP0,0
B4FEJ4,A0A1D6K232,0
A0A1D6MXC5,A0A1D6L0J1,0
B4FZW1,B4FZQ6,0
C0P753,A0A1D6KJ41,0
A2T1W7,B4FX20,0
A0A1D6G678,A0A1D6L203,0
A0A1D6HD77,C0HGP0,0
A0A1D6HXM2,A0A1D6HXR0,0
A0A1D6K888,B4FJ98,0
B4FKE8,B4G0F2,0
E5LFQ7,A0A1D6JTN6,0
A0A1D6E3M8,A0A1D6P4S0,0
A0A1D6ICK8,A0A1D6MPT6,0
A0A1D6LR06,B4F8P1,0
B6SXW8,C0PHR4,0
A0A1D6QFM0,A0A1D6EAY0,0
K7UCL3,Q5GAN9,0
A0A1D6KNV0,A0A1D6GI59,0
B6T3B2,A0A1D6KA29,0
C0PDY7,B4FU14,0
A0A1D6JVN9,A0A1D6GWW5,0
A0A1D6M1P7,A0A1D6PFS8,0
A0A1D6GSL8,B6TPA4,0
A0A1D6E9M1,B6SJ34,0
B6T191,A0A1D6IYT5,0
A0A1D6ICH6,A0A1D6MM98,0
A0A1D6MLM9,B6TB97,0
B6SHY8,B4G0H3,0
B6U1D4,A0A1D6JY27,0
A0A1D6QNV1,A0A1D6JQK2,0
A0A1D6JH51,C0P2S3,0
A0A1D6IN82,A0A1D6KCM4,0
A0A1D6NGW9,A0A1D6G555,0
A0A1D6GPD5,A0A1D6MLM9,0
A0A1D6HD42,B6U784,0
B6SIY6,B4FG25,0
Q6EI12,B6TRN2,0
B6SZS2,A0A1D6L651,0
A0A1D6L541,A0A1D6FYU5,0
A0A1D6L651,A0A1D6MBX4,0
B4FBP0,A0A1D6QT72,0
B4FI07,A0A1D6NVN3,0
B6SRI4,B6U194,0
A0A1D6LSQ7,A0A1D6K1W3,0
B4F9Z6,B6UAK0,0
A0A1D6KEA0,C4IYP4,0
C0PHE3,A0A1D6F227,0
A0A1D6KLB2,A0A1D6FNT7,0
A0A1D6G6C5,B6T3B2,0
A0A1D6JJ47,B6TZ71,0
B4FAE1,B6TYC1,0
C4JBF9,B4FK09,0
A0A1D6L203,K7VGL4,0
B6TQ08,B4FZJ1,0
B6T9P0,B6TPA4,0
C0PLH8,Q6JAE2,0
B4G004,A0A1D6HEB6,0
B4FGQ6,A0A1D6L6F1,0
O22656,Q6JAE2,0
A0A1D6ET71,A0A1D6MU43,0
A0A1D6EA41,A0A1D6HXM2,0
C0PHR4,A0A1D6G824,0
A0A1D6NVZ3,B4FIF4,0
A0A1D6ILX5,B4FBV4,0
B4FZ81,B4FKH3,0
A0A1D6IGX5,A0A1D6JRW3,0
A0A1D6LR51,B4FIW6,0
A0A1D6K203,A0A1D6KZJ5,0
A0A1D6MXH4,A0A1D6FSD1,0
A0A1D6F227,A0A1D6JWU8,0
B6SRI4,A0A1D6FU97,0
A0A1D6EZN1,K7UX95,0
B4FCK9,A0A1D6H6R3,0
B4FAL2,C0PPI1,0
B4FAE1,B6T9P0,0
B6STH9,A0A1D6L6F1,0
B4FL49,B6T1H0,0
Q5NKN3,A0A1D6KKQ6,0
A0A1D6ENF9,B4FGQ6,0
A0A1D6ILD0,A0A1D6EVN7,0
A0A1D6JB03,A0A1D6N4Q6,0
B6TS03,A0A1D6JQ22,0
B4G0H3,Q548E7,0
B4FZ81,A0A1D6I8H7,0
A0A1D6G1X3,A0A1D6HLC9,0
A0A1D6E3M8,A0A1D6DSZ5,0
A0A1D6FRP9,C0P7S8,0
A0A1D6GSL8,C0PP99,0
A0A1D6QE75,A0A1D6Q3E8,0
B4F8B7,A0A1D6Q972,0
A0A1D6NEK2,B6TRN2,0
A0A1D6KIP3,A0A1D6E3I5,0
A0A1D6KKD1,B4FYW4,0
A0A1D6LR51,B4FFH8,0
A0A1D6QSV7,B6TSH5,0
A0A1D6K888,A0A1D6MXC5,0
A0A1D6HAW8,B4FP36,0
B4FT00,B4FDW2,0
A0A1D6ILX5,A0A1D6N969,0
A0A1D6HXM2,B4FJ62,0
A2T1W7,A0A1D6L6F1,0
A0A1D6IHP1,B4FL49,0
B4FPI2,C4J0G4,0
A0A1D6G1X3,A0A1D6QRE1,0
B6SKA0,B8A2Z7,0
A0A1D6NVZ3,C0P2S3,0
B4FBV4,A0A1R3MJR2,0
A0A1D6F1T7,B4FJ62,0
B4FBP8,B6T1H0,0
A0A1D6M723,B4FI06,0
B4F7S2,A0A1D6L6B8,0
A0A1D6JP91,C4J9T9,0
B4FPD1,A0A1D6HLC9,0
A0A1D6HC95,A0A1D6Q5L0,0
B6UHJ4,B4FYW4,0
A0A1D6HD42,A0A1D6LDM7,0
A0A1D6HD42,A0A1D6KYH2,0
A0A1D6GPD5,A0A1D6P2S6,0
K7TYE5,B6TB97,0
A0A1D6NE81,C0PK96,0
A0A1D6PWX7,A0A096S009,0
A0A1D6QT72,A0A1D6PU15,0
A0A1D6HD42,B6SKT2,0
A0A1D6LR51,A0A1D6QJ28,0
A0A1D6IBW9,A0A060D8P6,0
B7ZY74,A0A1D6HXF7,0
B4G0H3,B6TPA4,0
A0A1D6JWU8,Q6EI12,0
A0A1D6N5V0,B6SJU3,0
B6T2C6,A0A1D6N7V3,0
K7TYT2,A0A1D6GVJ9,0
A2T1W7,A0A1D6K203,0
A0A1D6M5T1,B6SIY6,0
A0A1D6KGV2,K7UX95,0
A0A1D6MAB5,B4FEJ4,0
A0A1D6FF26,A0A1D6E8H9,0
B4FIW6,A0A1D6E802,0
B6TLX2,A0A1D6EBU9,0
A0A1D6E6T3,A0A1D6Q3E8,0
A0A1D6M795,B4FKU2,0
A0A1D6JJ47,A0A1D6N6A3,0
A0A1D6EUM9,A0A1D6IK19,0
B4FJ98,B6TSH5,0
C0PHE3,A0A1D6G6M1,0
A0A1D6H920,A0A1D6GRJ1,0
A0A1D6K417,A0A1D6FCQ0,0
K7VW51,A0A1D6MVE6,0
A0A1D6FYU5,A0A1D6MVE6,0
A0A1D6MZR2,A0A1D6LBY0,0
B6TW88,B6T3V1,0
A0A1D6H920,A0A1D6IL03,0
A0A1D6LSQ7,A0A1D6JMY2,0
A0A1D6N5V0,K7U964,0
A0A1D6EA41,A0A1D6JMY2,0
A0A1D6QSV7,B4FNX8,0
A0A1D6ILX5,A0A1D6FQ43,0
A0A1D6ESU1,B8A0U2,0
C4JBF9,A0A1D6M7I0,0
A0A1D6LIJ2,A0A1D6KCM4,0
B6SJ40,A0A1D6E9M1,0
A0A1D6LQQ9,A0A1D6GG87,0
B4G0F8,A0A1D6PM30,0
A0A1D6ICF7,Q548E7,0
A0A1D6HXF7,A0A1D6P4S0,0
A0A1D6JH51,A0A1D6IYT5,0
B4F7S2,B4F8N5,0
A0A1D6MLM9,B6T828,0
C4JA17,B6UG10,0
A0A1D6N6A3,A0A1D6PRM3,0
B6SZS2,A0A1D6KU49,0
A0A1D6EX32,A0A1D6HN63,0
A0A1D6PU88,A0A1D6NVN3,0
A0A1D6MKF8,A0A1D6LR06,0
B6T2C6,B4FKU2,0
A0A1D6QJ28,B6TSH5,0
A0A1D6L3L6,A0A1D6QE75,0
A0A060D8P6,C0PEU3,0
G2XK63,A0A1D6LBY3,0
A0A1D6LNQ7,C4J935,0
A0A1D6PU88,B4FXB2,0
K7UZL8,B6T828,0
A0A1D6FES4,A0A1D6MXC5,0
A0A1D6MAB5,C0HES6,0
A0A1D6Q9Z0,B4FW90,0
A0A1D6K417,A0A1D6QSV7,0
B4FFP9,B4FI06,0
A0A1D6K203,B4FJ62,0
B4FD59,A0A1D6GI59,0
B6SZY5,C4JBB4,0
B6UA21,A0A1D6ESU1,0
A0A1D6Q9Z0,B6SIY6,0
A0A1D6NT56,A0A1D6M7I0,0
A0A1D6KGV2,A0A1D6GDW5,0
A0A1D6IBW9,Q548E7,0
A0A1D6M5Z7,B4FXB2,0
A0A1D6JP91,B4FQ61,0
A0A1D6GDW5,A0A1D6MNG2,0
B6SJ40,A0A1D6QT72,0
B6UHJ4,A0A1D6KJN3,0
B4FIW6,B6U886,0
A2T1W7,A0A1D6GVJ9,0
B4FIW6,B6TA94,0
A0A1D6FRP9,B4G0F2,0
B6SZY5,B6T2A5,0
A0A1R3MKD7,A0A1D6NGW9,0
A0A1D6H1J5,B6TRN2,0
B4FEJ4,B6T1H0,0
A0A1D6KIP3,A0A1D6KJN3,0
B6TJF5,C0P455,0
A0A1D6E3I5,A0A1D6HLC9,0
K7VP35,A0A1D6M723,0
A0A1D6I459,A0A1D6F1V6,0
A0A1D6IL08,B6TRN2,0
A0A1D6HVN5,A0A1D6J5V3,0
B4G0F8,A0A1D6LQQ9,0
B4FG54,C0P9E5,0
B6T4C6,A0A1D6G9C4,0
A0A1D6JDK3,B6T9P0,0
A0A1D6E6T3,A0A1D6EBT5,0
A0A1D6PU88,A0A1D6L6F1,0
B4FCK9,A0A1D6FF26,0
A0A1D6QJ28,A0A1D6E3I5,0
A0A1D6LR51,B4FXB2,0
B8A019,B4FUW2,0
C0PEE2,K7VK29,0
B6SIN8,B4FW90,0
B4FZJ1,B6UH99,0
A0A1D6NEK2,A0A1R3MKD7,0
Q64HC3,A0A1D6HW42,0
B6T191,A0A1D6L3L6,0
B6U886,A0A1D6ICK8,0
Q5NKN3,A0A1D6ILD0,0
K7UZL8,Q9MAY9,0
B4FAA5,A0A1D6L3L6,0
B4FAA5,A0A1D6IYI2,0
A0A1D6EX32,B4FVL1,0
A0A1D6G678,C0PEU3,0
A0A1D6IGX5,B6TSH5,0
A0A1D6L651,B6T303,0
B4FPI6,B4FE90,0
B4FVL1,B4FW90,0
B6SKA0,B4FJ92,0
A0A1D6IER4,B6SKT2,0
B6T7N2,B6SZE0,0
A0A1D6Q6U2,B4FEN6,0
C0PB84,A0A1D6JWU8,0
B6SK95,A0A096QXB7,0
A0A1D6MZR2,A0A1D6KWD0,0
B6TYC1,A0A1D6HCG5,0
A0A1D6GPD5,B4FU00,0
A2T1W7,B6T2A5,0
A0A1D6EAY0,B4FG25,0
A0A1D6JB03,C0PGW3,0
A0A1D6IBW9,A0A1D6K232,0
A0A1D6L651,K7U2A9,0
A0A1D6KKQ6,K7TSJ7,0
A0A1D6QJ88,B4FZZ2,0
B4FX20,A0A1D6P2S6,0
A0A1D6FCQ0,B4FIF4,0
B6SZY5,B6TVQ4,0
A2T1W7,B4FW90,0
A0A1D6HTI7,B4FH55,0
B6U1D4,B6T9P0,0
C0P2S3,A0A1D6MVE6,0
A0A1D6QE75,A0A1D6I8H7,0
A0A1D6I459,A0A1D6HXR0,0
B4FJ98,B4FIE9,0
C4J5G0,A0A1D6K417,0
B4FBP0,C4JBB4,0
A0A1D6QE75,A0A1D6MU43,0
B6SKA0,B8A0U2,0
B8A019,A0A1D6HCG5,0
A0A1D6JMY2,A0A1D6MNG2,0
A0A1D6E3M8,A0A1D6L0J1,0
A0A1D6HEB6,B6SZE0,0
B6SJJ1,A0A1D6JMY2,0
A0A096S8W7,A0A1D6IER4,0
A0A1D6Q7T3,C0PK96,0
B6TQ08,A0A1D6F227,0
B4FPI2,A0A1D6FCQ0,0
A0A1D6GVJ9,A0A1D6MK44,0
A0A1D6EIZ2,A0A1D6J431,0
B4FIF4,K7VW51,0
B6TFN4,A0A1D6KID7,0
A0A1D6PM19,K7VW51,0
A0A1D6FX26,A0A1D6FU97,0
C4JBF9,B4FCU1,0
A0A1D6MKF8,B4FZ81,0
K7V4F4,A0A1D6J431,0
A0A1D6JM71,B4FZ94,0
B6UA21,A0A1D6NGW9,0
Q6JAE2,A0A1D6QRE1,0
A0A1D6KYT6,A0A1D6JB03,0
Q64HC3,B4FZZ2,0
A0A1D6NVZ3,B6TB97,0
B8A1N8,A0A1D6HWV5,0
A0A1D6M5Z7,B4FG54,0
B6TFN4,B6SK95,0
A0A1D6HXQ9,B6T303,0
K7WBK7,A0A1D6JVK1,0
A0A1D6EVN7,B4FNX8,0
A0A1D6NEK2,A0A1D6JZV9,0
Q9ST24,A0A1D6Q3E8,0
A0A1D6FRP9,A6YRS1,0
A0A1D6E3I5,B4FKU2,0
B4FAA5,B6TGL5,0
K7U2J9,B4FFP9,0
A0A1D6Q8E9,B6T1H0,0
K7U2J9,A0A1D6MAB5,0
C0P7S8,K7VZS5,0
A0A1D6EAY0,B4FBP0,0
A0A1D6Q9Z0,B4FTC1,0
B6SZE0,A0A1D6JPD5,0
A0A1D6K417,A0A1D6HCG5,0
A0A1D6KA29,B4FI06,0
A2T1W7,C0PGW3,0
A0A1D6GWW5,C0HGP0,0
A0A1D6M795,C0PEE2,0
B6TVQ4,B4FLQ8,0
B4FMV3,A0A1D6LSQ7,0
E5LFQ7,B4G0Z5,0
B6SJ34,C0PK96,0
A0A1D6IBW9,B6TYC1,0
B6SKA0,A0A1D6QBN2,0
B6T4C6,C4J4G2,0
A0A1D6NEY9,A0A1D6Q5L0,0
B4F8J7,A0A1D6QVF4,0
B6SZS2,B4G004,0
A0A1D6JTN6,A0A1D6PM19,0
A0A1D6INZ6,A0A1D6M4R7,0
A0A1D6Q588,B4FV87,0
A0A1D6JVN9,A0A1D6P4S0,0
A0A1D6E6T3,A0A1D6FNT7,0
A0A1D6JZR1,A0A1D6EVN7,0
B6T3C9,A0A1D6NMS6,0
B4F7Z5,A0A1D6HXM2,0
A0A1D6JY27,A0A1D6FHP1,0
K7W117,B8A1N8,0
A0A1D6G6C5,A0A1D6PWM4,0
B6TB97,B4FKA1,0
B6SZS2,B6SRI4,0
A0A1D6J0S9,B4FLQ8,0
A0A1D6ICF7,B6UH99,0
A0A1D6N1H7,B6T3B2,0
A0A1D6N1H7,A0A1D6NEY9,0
A0A1D6H920,B4FKA1,0
B4FL49,A0A1D6M4R7,0
A0A1D6EA41,B6T2A5,0
B4FX20,B4FAL2,0
B4FKE8,K7U2A9,0
B4FFP9,A0A1D6FSQ0,0
A0A1D6H6R3,C4JBF9,0
A0A1D6JRI5,A0A1D6E7R3,0
K7U964,A0A1D6EBU9,0
B4FJ98,A0A1D6EBU9,0
A0A1D6QE75,B4G0Z5,0
B4FMM6,A0A1D6HLC9,0
B6UA21,A0A1D6N4Q6,0
B6SZY5,C0PK96,0
C0PB84,A0A1Q0YGV1,0
A0A1D6L2R1,B4FAL2,0
A0A1D6IV90,A0A1D6I2R9,0
A0A1D6M7B9,B4FUW2,0
C0PHR4,A0A1D6M1I0,0
A0A1D6MKF8,B6T191,0
K7VP35,A0A1D6MHQ1,0
A0A1D6ILX5,Q5NKN3,0
B4FPI6,A0A1D6JW41,0
B6T9P0,C0PP99,0
A0A1D6EYJ9,C0P7S8,0
B4FIW6,B6SZY5,0
A0A1D6INR6,B4FYW4,0
A0A1D6G824,A0A1D6MHQ1,0
B6U1D4,O49010,0
A0A1D6L6B8,A0A1D6FU97,0
A0A1D6JVN9,B4FKU2,0
A0A1D6Q388,B4FU00,0
A0A1D6MA73,A0A1D6N3N7,0
A0A1D6FX26,A0A1D6JRI5,0
A0A1D6FES4,A0A1D6KNV0,0
B6SPL7,A0A1D6GT24,0
A0A1D6ICF7,A0A1D6HXQ9,0
B6TYC1,B4FK57,0
B6SXW8,A0A1D6K1R9,0
A0A1D6G6C5,C4J4G2,0
A0A1D6PM30,A0A1D6L0J1,0
A0A1D6H920,C0PFW7,0
A0A1D6MB26,A0A1D6IXM2,0
A0A1D6M7I0,K7VW51,0
A0A1D6JP91,B8A1N8,0
A0A096S8W7,A0A1D6G6M1,0
A0A1D6NEK2,A0A1D6NF81,0
A0A1D6I2R9,B4FZJ1,0
A0A1D6LR06,B4FL49,0
B6SKA0,Q64HC3,0
Q5NKN3,A0A1D6ENF9,0
A0A1D6NT56,A0A1D6NEK2,0
Q9ST24,B4G0Z5,0
C0PF64,A0A1D6FYU5,0
A0A1D6N3N7,A0A1D6I2R9,0
A0A1D6LR51,A0A1D6JH51,0
A0A1D6IJX7,A0A1D6N4Q6,0
B4FNQ9,B4FQ61,0
A0A1D6KV46,A0A1D6QVF4,0
A0A1D6FSQ0,C4J935,0
A0A1D6F8B8,A0A1D6LSQ7,0
A0A1D6IV90,Q548E7,0
A0A1D6PYY0,C0PEU3,0
A0A1D6LR51,A0A1D6FU97,0
A0A1D6FBR8,Q548E7,0
C0PB84,A0A1D6KIE6,0
A0A1D6Q8E9,A0A1D6F1V6,0
K7TYT2,A0A1D6KA29,0
K7UZL8,A0A1D6H4M0,0
A0A1D6KU49,B4FE90,0
C4J9T9,B4FZ94,0
A0A1D6INZ6,A0A1D6P2S6,0
A0A1D6L651,A0A1D6KKQ6,0
A0A1D6F8B8,A0A1D6G678,0
B6T7N2,K7TPE9,0
B6SK03,B4FFP9,0
A0A1D6MZR2,Q6EI12,0
C3UZ69,A4L9Q6,0
B4FPI2,A0A1D6LF73,0
B6T2C6,A0A1D6GWW5,0
B4FUR5,K7TJQ7,0
A0A1D6PWP4,B6T3V1,0
A0A096S8W7,B4FBI0,0
A0A1D6G1F0,B6T828,0
A0A1D6JM71,A0A1D6IHP1,0
A0A1D6MEK7,Q6JAE2,0
A0A1D6N0Q6,B4FQ61,0
B6T4C6,B4FW90,0
Q9ST24,B4FKA1,0
A0A1D6M795,B6U194,0
A0A1D6K417,A0A1D6PK72,0
B4FLZ6,B4F8B7,0
A0A1D6HXF7,A0A1D6I7U9,0
A0A1D6Q6U2,A0A1Q0YGV1,0
K7TPE9,B4F9V2,0
B4FHZ7,A0A1D6GZI1,0
A0A1D6ET60,A0A1R3MKD7,0
A0A1D6PTR0,B4FKH3,0
B6TYC1,A0A1D6FYU5,0
C4J0G4,B6U194,0
B4F7V9,A0A1D6GVX5,0
B4FVL1,B4FZ94,0
A0A1D6F1T7,B8A1N8,0
A0A1D6IL03,A0A1D6Q972,0
A0A1D6IER4,C0PHE3,0
A0A1D6NTG8,A0A1D6HCG5,0
A0A1D6PWM4,A0A1D6J431,0
A0A1D6J5V3,K7V044,0
A0A1D6FHP1,A0A1D6L6F1,0
B8Y6I0,C0P2S3,0
A0A1D6NE84,B4FNX8,0
B6SIN8,B4FCP0,0
A0A1D6LIJ2,K7UX95,0
A0A1D6KJN3,A0A1D6E802,0
B6SJU3,B4FNU9,0
A0A1D6GRJ1,B4FEN6,0
O49010,B4FPD1,0
A0A1D6PTR0,A0A1D6NR73,0
B4FHG9,K7TYE5,0
K7TVE3,A0A1D6HXF7,0
B6SIY6,A0A1D6FU97,0
Q6JAE2,A0A1D6GVX5,0
B4FJ92,K7V6T4,0
A0A1D6NVN3,A0A1D6KCM4,0
K7VZS5,Q6EI12,0
B4FG25,A0A1D6F227,0
A0A1D6GZI1,A0A1D6JPD5,0
A0A1D6FHP1,B6U194,0
B4FIF4,A0A1D6N4Q6,0
B6SIN8,A0A1D6QBN2,0
B6SHY8,C0P9E5,0
A0A1D6QBN2,Q548E7,0
B4F7Z5,A0A1D6PRM3,0
A0A1D6DUD4,A0A1D6JW41,0
B4FI07,A0A1D6J431,0
B6SK03,A0A1D6G6M1,0
B4FZQ6,B6SHQ2,0
A0A1D6G2B5,A0A1D6MXC5,0
A0A1D6KYH2,A0A1D6NF81,0
B4FXE4,A0A1D6E6T3,0
A0A1D6NEK2,B4G0F2,0
K7UCL3,A0A1D6PM30,0
B6SKA0,C0PP99,0
C0PF64,B4FLZ6,0
A0A1D6G0C7,B4FLQ8,0
A0A1D6JQ22,A4L9Q6,0
A0A1D6PWP4,B4FLZ6,0
C0PEE2,A0A1D6GZI1,0
A0A1D6NT56,A0A1D6I8H7,0
A0A1D6DZK4,A0A1D6MZR2,0
A0A1D6FYU5,A0A1D6NKQ5,0
B4FBP8,B4FLQ8,0
A0A1D6KV46,A0A1D6N4Q6,0
B6TZ71,B6T3V1,0
A0A1D6M795,A0A1D6NE84,0
A0A1D6NTJ2,B6TA94,0
A0A1D6KKQ6,A0A1D6IGX5,0
A0A096PXB1,K7U964,0
A0A1D6KLB2,A0A1D6MB26,0
C0PB84,B6SUI6,0
A0A1D6MAB5,A0A1D6PUK8,0
A0A1D6H6R3,A0A1D6MM98,0
A0A1R3MJR2,A0A1D6JTN6,0
A0A1D6QJ28,B6TGL5,0
B4G004,A0A1D6MK44,0
A0A1D6IGX5,A0A1D6K232,0
A0A1D6L2R1,A0A1D6J431,0
K7URC3,A0A1D6KA29,0
C0P2S3,Q6EI12,0
A0A1D6HAW8,C0PHR4,0
B6T3V1,A0A1D6HLC9,0
B6SMW8,A0A1D6K232,0
A0A1D6MKF8,K7V044,0
B4FIW6,B4G0Z5,0
C4JAU6,A0A1D6HLC9,0
A0A1D6EA41,A0A1D6PWX7,0
B6TJF5,A0A1D6EZN1,0
B6SJJ1,A0A1D6PUK8,0
B6U784,K7WBK7,0
B6TJF5,A0A1D6I8H7,0
A0A1D6E3M8,A0A1D6MM98,0
A0A1D6KV46,A0A1D6ECI1,0
B4FFH8,A0A1D6M7I0,0
A0A1D6GSL8,A0A1D6M795,0
A0A1D6IBW9,B4FAL2,0
C0PPI1,A0A1D6KLQ2,0
B4F8B7,A0A1D6J5V3,0
B4FGC8,A0A1D6JY27,0
B4FFU0,B4FJY5,0
A0A1D6J4M3,A0A1D6GG87,0
K7UZL8,K7V8V3,0
B4FKU2,B6SHQ2,0
A0A1D6JJ47,A0A1D6QRE1,0
B6SJJ1,A0A1D6L2R1,0
Q5EUD7,B6SIS5,0
B4F8J7,B4FKA1,0
A0A1D6JRI5,B8A1N8,0
A0A1D6KLB2,A0A1D6Q3H8,0
A0A1D6EA41,A0A1D6JPD5,0
B6TQ08,B6T3V1,0
A0A1D6E8K9,B6U194,0
B6TW88,A0A1D6ET60,0
A0A1D6ILX5,B4FXB2,0
B6SXW8,B4F9V2,0
A0A1D6JP91,B6T9P0,0
A0A1D6J431,B6TSH5,0
C0PGW3,C0P7S8,0
B4FBP0,A0A1D6PFS8,0
B6T4C5,A0A1D6HN63,0
B4FL49,A0A1D6EBU9,0
A0A1D6LSQ7,A0A1D6HCG5,0
B6SHY8,B6T303,0
A0A1D6FBS3,A0A1D6INZ6,0
A0A1D6QFM0,A0A1D6GVX5,0
A0A1D6NE84,A0A1D6P4S0,0
A0A1D6HEB6,A0A1D6IYT5,0
B4FUR5,A0A1D6IYI2,0
K7V4F4,B6TS03,0
B6TE04,B4G004,0
A0A1D6QRE1,B6SIS5,0
B6T3V1,A0A1D6HWV5,0
A0A1D6E9U1,A0A1D6MPT6,0
A0A1D6Q588,B4FPI6,0
B6UG10,A0A1D6KEA0,0
C4JAU6,A0A1D6ESU1,0
B6SJF5,B6TB97,0
C4JBF9,A0A1D6JRW3,0
B8A019,A0A1D6HFC5,0
B4F8J7,A0A1D6FNT7,0
B4FFP9,A0A1D6L6B8,0
A0A1D6FSQ0,A0A1D6GZI1,0
B4F7S2,A0A1D6GT24,0
A0A1D6NTG8,A0A1D6EBT5,0
B4FZ81,A0A1D6M7B9,0
B4FU14,A0A1D6KWD0,0
A0A1D6L541,B6U784,0
B4FBP0,A0A1D6G824,0
B4FAA5,A0A1D6FBR8,0
B6TFN4,B6T4C5,0
A0A1D6H1J5,A0A1D6L0J1,0
A0A1D6Q5L0,B4FIE9,0
K7UZL8,A0A1D6J0S9,0
A0A1D6ET71,C0P9E5,0
A0A1D6L0J1,B6TSH5,0
C0PLH8,A0A1D6PFS8,0
B6SZE0,A0A1D6HWV5,0
B6TQ08,A0A1D6HB09,0
A0A1D6P2S6,C0HIJ3,0
B6UG10,B6U784,0
B4FZ81,A0A1D6QVF4,0
A0A1D6IN82,B6T9P0,0
B6SZS2,B6TU32,0
A0A1D6NMS6,A0A1D6G9C4,0
A0A1D6KGV2,B4FE90,0
A0A1D6FF26,A0A1D6Q3H8,0
A0A1D6L6F1,B6T2A5,0
A0A1D6ICF7,A0A1D6FES4,0
A0A1D6PWP4,A0A096PXB1,0
A1DZD7,A0A1D6FX26,0
B4FX20,A0A1D6GFP9,0
A0A1D6LXU7,A0A1D6J0S9,0
Q9ST24,B4FT00,0
K7UZL8,B4G0Z5,0
K7U2J9,A0A1D6KKQ6,0
K7U2J9,B4FSW2,0
A0A1D6KNV0,A0A1D6PFS8,0
A0A1D6K1R9,B6T828,0
A0A1D6ICH6,A0A1D6N969,0
A0A1D6Q6U2,B6U886,0
A0A1D6KEA0,A0A1D6ECI1,0
B4FJY5,B6UH99,0
C0PB84,B8A2Z7,0
A0A1D6Q9Z0,B4FK57,0
A0A1D6KGV2,A0A1D6M7I0,0
A2T1W7,Q5EUD7,0
A0A1D6LDM7,B4FW90,0
A0A1D6JP91,B4FEN6,0
C0PGP9,A0A1D6JQ22,0
A0A1D6PM30,B4FI06,0
B4FAA5,Q5NKN3,0
B4FBI0,A0A1D6N6U0,0
A0A1D6NTG8,B8A1N8,0
A0A1D6NE84,A0A1D6KCM4,0
B4FH55,A0A1D6EBU9,0
B4FEJ4,B4FYW4,0
B6SHY8,A0A1D6QSV7,0
C3UZ69,B4FZJ1,0
B4FQ40,A0A1D6KIP3,0
A0A1D6MAB5,A0A1D6KCM4,0
A0A1D6PM30,C0P753,0
C0PP99,A0A1D6NGW9,0
C4J5G0,A0A1D6G9C4,0
B6UHJ4,B4FG16,0
A0A1D6Q7T3,B4FNM4,0
B4FBV4,B4G0Z5,0
B6U784,A0A1D6HXR0,0
A0A1D6EBT5,B4FG25,0
A0A1D6MKF8,K7WBK7,0
A0A096PXB1,A0A1D6GRJ1,0
A0A1D6MB26,A0A1D6HXR0,0
A0A1D6PWX7,B6TLX2,0
A0A1D6NEK2,A0A1D6KJN3,0
A0A1D6F1T7,B6SJ34,0
A0A1D6E3I5,B4FIE9,0
A0A1D6G2B5,B4FJY5,0
C4J5G0,Q64HC3,0
A0A1D6L2R1,B6U886,0
A0A1D6I459,K7TPE9,0
A0A1D6G1F0,A0A1D6KID7,0
A0A1D6Q5L0,A0A1D6PU15,0
A0A1D6JRI5,B6T3B2,0
B4FEJ4,B6TPA4,0
A0A1D6G6C5,B4FYW4,0
A0A1D6GPD5,A0A1D6DZK4,0
B4G0F8,B6SKA0,0
A0A1D6IL08,A0A1D6M5T1,0
C0PB84,K7V4F4,0
C0PHE3,C4JBB4,0
K7U2A9,A0A1D6HLC9,0
B4FMM6,A0A1D6QT72,0
O49010,B4FI07,0
A0A1D6JB03,B4FQ61,0
C0PB84,C0PEE2,0
B6UG10,B6T1H0,0
A0A1D6M5T1,A0A1D6Q972,0
B4FNU9,B4G1C9,0
A0A1D6MBN2,A0A1D6KID7,0
A0A1D6L3L6,C0PP99,0
C0PHR4,A0A1D6K1R9,0
A0A1D6JW41,A0A1D6PFS8,0
K7W117,A0A1D6JMY2,0
B6SK95,A0A1D6JRW3,0
A0A1D6I854,A0A1D6GVJ9,0
B4FMV3,B4FE90,0
A0A1D6ET60,A0A1D6E9U1,0
B4FCK9,C4J935,0
A0A1D6EX32,A0A1D6HVN5,0
A0A1D6G824,K7VZS5,0
B4F9V2,B4FQ61,0
A0A1D6M723,A0A1D6H6R3,0
A0A1D6EA41,A0A1D6ENF4,0
A0A1D6NS94,A0A1D6GVX5,0
A0A1R3MB28,K7VGL4,0
A0A1D6HEB6,B4FZJ1,0
Q5EUD7,A0A1D6KCM4,0
B6STH9,B4FZ94,0
A1DZD7,B4FT35,0
A0A1D6E3I5,A0A1D6EBU9,0
B4FMV3,C0PEE2,0
B4FPI6,B4FKH3,0
B4FZW1,B4FEN6,0
A0A1D6DZK4,A0A1D6LF73,0
A0A1D6JWU8,A0A1D6I5M5,0
A0A1D6Q588,A0A1D6LBY3,0
A0A1D6ILX5,A0A1D6NF81,0
C0P455,A0A1D6M7B9,0
A0A1D6L3L6,B6SJ40,0
B6THF0,A0A1D6GRJ1,0
B6SIN8,A0A1D6QE75,0
B4FHG9,A0A1D6G9C4,0
A0A1D6QFM0,A0A1D6HXR0,0
B4FG16,B6SJ34,0
A0A1D6HW42,A0A1D6JD24,0
A0A1D6EAY0,K7U964,0
A0A1D6EUM9,A0A1D6NEY9,0
B6T191,A0A1D6IER4,0
B6TE04,B4FNU9,0
A0A1D6JVK1,B4FD59,0
C0PHE3,B4FDW2,0
A0A1D6LNQ7,A0A1D6N3N7,0
B6SJ90,A0A1D6EZN1,0
K7U2J9,A0A1D6J431,0
Q64HC3,A0A1D6GVJ9,0
A0A1D6JZV9,A0A1D6N4Q6,0
B4FMM6,A0A1D6GWB6,0
A0A1D6N3N7,A0A1D6EBU9,0
C4J0G4,A0A1D6NE81,0
E5LFQ7,C0P455,0
B4FNQ9,B4FUW2,0
A0A1D6M723,B4FG25,0
B4FMM6,K7UCL3,0
C0PK96,A0A1D6PU15,0
A0A1D6I854,A0A1D6PWM4,0
A0A1D6QBN2,C0P2S3,0
C0P3K6,B4FNM4,0
C0PHR4,C4J0G4,0
C0PB84,B6SHY8,0
B4F9Z6,A0A1D6E7R3,0
B4FAE1,A0A1D6QJ88,0
B4FZQ6,B4FXE4,0
B4FIW6,C0P8K4,0
A0A1D6IK19,A0A1D6HN63,0
A0A1D6G2B5,K7TYE5,0
A0A1D6KZJ5,K7V9W1,0
A0A1D6F1V6,A0A1D6G555,0
B4FKU2,B6TRN2,0
A0A1D6I8H7,K7WBK7,0
K7V4F4,A0A1D6MM98,0
A0A1D6IHP1,C0PGW3,0
A0A1D6IBW9,A0A1D6QE75,0
B4FEE3,B6SIY6,0
A1DZD7,A0A1D6K1R9,0
A0A1D6N0Q6,A0A1D6LQ20,0
A0A1D6M1P7,A0A1D6NVN3,0
A0A1D6G1F0,A0A1D6QE75,0
A0A1D6PK72,A0A1D6G824,0
A0A1D6ILX5,B6TQ08,0
A0A1D6L203,A0A1D6KCM4,0
A0A1D6KKQ6,A0A1D6LR06,0
A0A1D6KIE6,B4FCU1,0
A0A1D6MTP8,B6T8P9,0
A0A1D6K417,A0A1D6QH07,0
A0A1D6GSL8,B4FT00,0
A0A1D6HAW8,A0A1D6K232,0
A0A1D6M1I0,A0A1D6FU97,0
C4JAU6,A0A1D6L6F1,0
B4FVL1,B4FG16,0
A0A1D6MLM9,B4G1C9,0
A0A1D6KIP3,C4IYP4,0
Q9ST24,K7U964,0
B4FG25,A0A1D6GRI6,0
G2XK63,A0A1D6IJX7,0
A0A1D6Q8E9,K7VZS5,0
A0A1D6QFM0,A0A1D6QSL7,0
B4FZQ6,B6TVQ4,0
B6SXW8,B6U194,0
B4FIW6,A0A1D6FCQ0,0
B6TYC1,A0A1D6E9M1,0
A0A1D6FHM9,K7TPE9,0
B4F8J7,B4FAL2,0
B4FZQ6,A0A1D6FQ43,0
A0A1D6I459,A0A1D6Q3E8,0
B6UFF4,A0A1D6FBS3,0
A0A1D6KV46,K7TYE5,0
A0A1D6KLB2,C0P7S8,0
A0A1D6KJN3,A0A1D6GFP9,0
A0A1D6ENF9,B6SHQ2,0
A0A1D6FBS3,A0A1D6NTJ2,0
B6STH9,A0A1D6FBR8,0
A0A1D6P4S0,Q6EI12,0
A0A1D6IK19,K7V044,0
A0A1D6M795,A0A1D6M7I0,0
B4FZW1,K7WBK7,0
C4JBF9,C0HES6,0
A0A1D6E6T3,A0A1D6QRE1,0
A0A1D6NVZ3,A0A1D6HD77,0
A0A1D6PWP4,A0A1D6E3U8,0
B6U1D4,A0A1D6JH51,0
A0A1D6N3N7,K7VW51,0
B4FIF4,B4F8P1,0
B6TU32,A0A1D6LBY3,0
A0A1D6QJ28,A0A1D6INZ6,0
A0A1D6GSL8,K7V6T4,0
A0A1D6K417,B4FDW2,0
A0A1D6J5J5,A0A1D6PFS8,0
B4FSW2,C4JBB4,0
B4FFU0,C0P455,0
B6T191,A0A1D6PTR0,0
A0A1R3MJR2,A0A1D6EBU9,0
A0A1D6HXR0,A0A1D6N969,0
B4FZZ2,B6UH99,0
A0A1D6P567,C0PK96,0
A0A1D6GVJ9,A0A1D6LBD6,0
B6TLX2,A0A1D6F227,0
A0A1D6INZ6,K7U964,0
A0A1D6ELW4,C0HES6,0
A0A1D6ENF4,B6SJF5,0
A0A1D6NEK2,K7UZL8,0
A0A1D6KGV2,A0A1D6J5V3,0
B6TQ08,A0A1D6J5V3,0
B6UFF4,Q5EUD1,0
A0A1D6L2R1,C0P2S3,0
A0A1D6KYT0,A0A1D6GFP9,0
B4F7V9,A0A1D6L203,0
B6T4C6,A0A1D6GVX5,0
A0A1D6JVN9,E5LFQ7,0
A0A1D6HXQ9,K7UZL8,0
A0A1D6LNQ7,A0A1D6G678,0
B6SI29,A0A1D6LSQ7,0
B4FJ95,A0A1D6GI59,0
A0A1D6L651,K7VZS5,0
C4JAU6,C0P2S3,0
B6TYC1,A0A1D6KNV0,0
A0A1D6JM71,B4FEJ4,0
B4G004,A0A1D6K203,0
K7UZL8,B6TYC1,0
A0A1D6PU88,C0PEE2,0
A0A1D6I459,A0A1D6KJN3,0
A2T1W7,O49010,0
A0A1D6GPD5,A0A1D6GRI6,0
A0A1D6MKF8,C0PPI1,0
B6U886,Q6JAE2,0
B6T4C5,C0HGP0,0
C4JBB4,Q9MAY9,0
K7URC3,B4FZJ1,0
A0A1D6Q388,B4FLZ6,0
A0A1D6F8B8,A0A1D6NVZ3,0
B4G0H3,A0A1D6N0Q6,0
C0PF64,B4FXE4,0
A0A1D6MAB5,A0A1D6LL25,0
A0A1D6NEY9,B4FCU1,0
A0A1D6L3L6,A0A1D6N4Q6,0
Q5EUD7,B4F8P1,0
A0A1D6JB03,B4FJ27,0
B4FMV3,K7VGL4,0
A0A1D6IN82,B6U1D4,0
B6T7N2,C0P455,0
A0A1D6QSL7,K7U2A9,0
A0A1D6G1F0,B4FVL1,0
B4FFU0,A0A1D6HXF7,0
B6TB97,B4FT35,0
A0A1D6FES4,A0A1D6K203,0
C0P455,A0A1D6MZR2,0
A0A1D6JTN6,A0A1D6LBD6,0
G2XK63,A0A1D6NTJ2,0
B4FNU9,A0A1D6G6M1,0
B7ZY74,A0A1D6GRI6,0
A0A1D6KLB2,A0A1D6MM98,0
A0A1D6KYH2,K7U4R6,0
K7U4R6,B4FAE1,0
B4F7Z5,A0A1D6HVS1,0
A0A1D6Q6U2,A0A1D6JY27,0
C4JBF9,A0A1D6G555,0
A0A1D6QJ28,A0A1D6MLM9,0
A0A1D6ICF7,Q9MAY9,0
B6T3V1,A0A1D6K203,0
B4F7S2,B4FLL1,0
B4FJ95,B4G0F2,0
B6UAK0,A0A1D6G6M1,0
Q5EUD1,B4FCP0,0
B4FVL1,A0A1D6N4Q6,0
A0A1D6HXM2,B8A2Z7,0
B6TZ71,A0A1D6I5M5,0
E5LFQ7,A0A1D6JD24,0
B6SJ40,B4FH55,0
B4FX20,A0A1D6KA29,0
B4G0H3,A0A1D6MHQ1,0
A0A1D6FBS3,A0A096S009,0
A0A1D6JVN9,B4FUW2,0
A0A1D6JZV9,B4FK09,0
A0A1D6HAW8,A0A1D6PWP4,0
A0A1D6JTN6,K7U2A9,0
B4FVL1,B6U784,0
A0A1D6LBY0,C4JBB4,0
B4FMM6,A0A1D6JWU8,0
A0A1D6PRM3,A0A1D6JPD5,0
A0A1D6QFM0,A0A1D6MBX4,0
B8A1N8,O50018,0
A0A1D6FHM9,K7TL05,0
B4FCK9,A0A1D6PFS8,0
B4G004,A0A1D6JWU8,0
A0A1D6HD77,A0A1D6I2R9,0
A0A1D6HXQ9,B4FG16,0
A0A1D6JW41,B4FUW2,0
C4J5G0,C0PFK3,0
E5LFQ7,Q5EUD7,0
B6U784,A0A1D6NE84,0
A0A1D6IK19,A0A1D6N4Q6,0
A0A1D6PWX7,A0A1D6ECI1,0
A0A1D6HB09,A0A1D6K232,0
B6UAK0,B6T828,0
A0A1D6JM71,B4G1C9,0
A0A1D6M4R7,A0A1D6EBU9,0
B8A019,B6T828,0
A0A1D6QBN2,A0A1D6NTG8,0
A0A1D6LR06,B4FUW2,0
A0A1D6MEK7,B4FXB2,0
B4FUR5,B4FFU0,0
A0A1D6PU88,B4G0H3,0
B4G004,B6SHY8,0
K7TPE9,B4FK57,0
A0A1D6INR6,B4FJ95,0
B4FBI0,A0A1D6KU49,0
A0A1D6JVK1,B8A0U2,0
B4FZW1,A0A1D6HXM2,0
A0A1D6FHM9,B6SJ34,0
A0A1D6HEB6,A0A1D6I7U9,0
B6SKA0,A0A1D6Q6U2,0
B4FNQ9,K7WBK7,0
A0A1D6FQ43,C3UZ69,0
B6TW88,B6TZ71,0
E5LFQ7,A0A1D6IGX5,0
B4F8J7,A0A1D6Q3E8,0
A0A1D6J5J5,A0A1D6GZI1,0
B6TSH5,A0A1D6HLC9,0
A0A1D6GSL8,B4FEE3,0
B6U886,B4FEN6,0
A0A1D6QT72,A0A1D6Q3E8,0
A0A1D6GSL8,B4FLC0,0
A0A1D6Q9Z0,A0A1D6MXC5,0
B6SZS2,A0A1D6K232,0
A2T1W7,B6T1H0,0
A0A1D6QVF4,A0A1D6PU15,0
A0A1D6QBN2,A0A1D6FF26,0
A0A1D6JDK3,B4FIW6,0
A0A1D6HCG5,A0A1D6JPD5,0
A0A1D6Q5L0,B4FNU9,0
A0A1D6ILX5,A0A1D6F1V6,0
A0A1D6EUM9,A0A1D6G824,0
A0A1D6QH07,A0A1D6MPT6,0
C0PF64,B6UA21,0
A0A1R3MJR2,B4FJ62,0
B4FMV3,B4FQ40,0
C0PLH8,B6SJU3,0
C0P2S3,A0A1D6JMY2,0
B4FBV4,A0A1D6E9U1,0
A0A1D6L651,A0A1D6NEY9,0
A0A1D6Q3H8,A0A1D6K627,0
C0PFW7,A0A1D6QT72,0
A0A1D6FSD1,A0A1D6L203,0
A0A1D6FYU5,B6TGL5,0
G2XK63,A0A1D6K1R9,0
B6U1D4,B6T303,0
B4FKE8,A0A1D6IYT5,0
C0PB84,A0A1D6MPT6,0
C0PLH8,A0A1D6JD24,0
A2T1W7,A0A1D6HLC9,0
A0A1D6ET71,A0A1D6EZN1,0
B6T7N2,A0A1D6K1W3,0
B6SJJ1,B4FJ27,0
A6YRS1,A0A1D6JPD5,0
A0A1D6DZK4,B4FJ98,0
B6UHJ4,A0A1D6ICK8,0
Q64HC3,A0A1D6KEA0,0
A0A1D6IN82,A0A1D6MAB5,0
B4FJ92,B6U886,0
A0A1D6LQ20,A0A1D6JVK1,0
A0A1D6IV90,B4FT00,0
B4FFU0,B4FCP0,0
B4F9Z6,C0PHE3,0
A0A1D6N969,C0P9E5,0
A0A1D6F1V6,B4FXB2,0
A0A1D6M5T1,O50018,0
A0A1D6MA73,B4FEN6,0
A0A1D6JQ22,A0A1D6JD24,0
A0A1D6GDW5,A0A1D6HVN5,0
Q5NKN3,A0A1D6IL08,0
A0A1D6LBY3,B4FZZ2,0
B6T4C5,A0A1D6J4M3,0
A0A1D6LIJ2,A0A1D6J4M3,0
A0A1D6EVN7,K7UUB0,0
A0A1D6QVF4,K7V8V3,0
A0A1D6JRI5,B6SJ34,0
B6TZ71,B4FZJ1,0
B6TFN4,A0A1D6HXR0,0
A0A1D6KIE6,Q5EUD1,0
B6TZ71,B4FHG9,0
B4F8J7,C0PFK3,0
B4FCK9,B4FNM4,0
A0A1D6PTR0,B4G0Z5,0
A0A1D6FQ43,B4FEN6,0
B4FL49,B6SJF5,0
A0A1D6FCQ0,B4FU14,0
A0A1D6LNQ7,K7V4X2,0
K7URC3,A0A1D6HXR0,0
B4G0F8,K7V044,0
K7V4F4,B4FPI2,0
A0A1D6L651,A0A1D6GWW5,0
A0A1D6KYH2,A0A1D6PM19,0
K7V8V3,B6TB97,0
A0A1D6PWP4,K7VW51,0
C4JAU6,A0A1D6KNV0,0
A0A1D6H1J5,A0A1D6E802,0
A0A1D6G824,A0A1D6P2S6,0
A0A1D6NTJ2,K7TRU5,0
A0A1D6EUM9,A0A1D6MK44,0
A0A1D6LN43,A0A1D6JQ22,0
A0A1D6DZK4,B4FPD1,0
A0A1D6HB09,Q6EI12,0
A0A1D6MTK0,B4FD59,0
A0A1D6HN63,A0A1D6P2S6,0
A0A1D6KYT0,K7U4R6,0
A0A1D6ICK8,A0A1D6GRI6,0
A0A1D6NTG8,B6T3V1,0
B4G0Z5,A0A1D6MZ39,0
A0A1D6H6R3,A0A1D6JRI5,0
A0A1D6FYU5,B4FCQ9,0
B6THF0,B4FUW2,0
A0A1D6QFM0,B4FBP8,0
A0A1D6L3L6,B4FR08,0
C4J0G4,B6SHQ2,0
B4FQ40,A0A1D6HXF7,0
A0A1D6JMY2,B4FTC1,0
B4FLL1,A0A1D6PFS8,0
B4F7S2,A0A1D6M1P7,0
B4G004,A0A1D6EP97,0
A0A1D6KEA0,A0A1D6GI59,0
A0A1D6M5T1,B8A342,0
A0A1D6EA41,B6TU32,0
B4FZQ6,A0A1D6QSV7,0
A0A1D6Q972,A0A1D6G6M1,0
A0A1D6FBS3,A4L9Q6,0
B6TA94,B6T2A5,0
K7UZL8,C0PP99,0
A0A1D6FYU5,B4FT35,0
A0A1D6I5M5,B6TGL5,0
A0A1D6HCG5,C4JBB4,0
B6TB97,A0A1D6KJ41,0
A0A1D6JD24,C0HGP0,0
A0A1D6Q7T3,B4FLZ6,0
B4G0H3,B4FJ92,0
B4FG16,A0A1D6P4S0,0
A0A1D6ELH4,B6TLX2,0
A0A1D6ICF7,B4F8N5,0
B4FBP0,K7V4X2,0
A0A1D6QJ88,B6T828,0
C0PPI1,B4FDW2,0
B4F7Z5,A0A1D6EAY0,0
B6TZ71,A0A1D6H4M0,0
A0A1D6I459,B4F8P1,0
B6SMW8,K7U964,0
B6UG10,A0A1D6NKQ5,0
K7VZS5,A0A1D6L6F1,0
C0PDY7,C4IYP4,0
B4G0F8,K7V9W1,0
A0A1D6EAY0,A0A1D6G1X3,0
B4FNM4,A0A1D6L0C8,0
A0A1D6K888,B4FKU2,0
B6SI29,A0A1D6FSD1,0
B6UFF4,C0PEE2,0
B6UAK0,B4FDW2,0
B4FG54,A0A1D6G9C4,0
A0A1D6N1H7,A0A1D6PW84,0
A0A1D6IXC8,A0A1D6KEA0,0
B4FJ95,A0A1D6MHQ1,0
B4FZW1,B4FG25,0
A0A1D6G2B5,O22656,0
A0A1D6ET60,A0A1D6G678,0
A0A1D6LNQ7,B4FKE8,0
B4FBI0,C0PPI1,0
A0A1D6H6R3,A0A1R3MJR2,0
A0A1D6IHP1,B6T9P0,0
B6UA21,A0A1D6NTG8,0
B4FJ62,A0A1D6QRE1,0
A0A1D6INR6,A0A1D6I8H7,0
C3UZ69,A0A1D6P2S6,0
A0A1D6KV46,K7V9W1,0
B4F7Z5,A0A1D6MB26,0
B6TS03,B4FIE9,0
B4FIW6,A0A1D6QSL7,0
B4G0H3,A0A1D6ENF4,0
A0A1D6M5Z7,A0A1D6IXC8,0
B4FAA5,B4F9V2,0
A0A1D6PU88,B4FJY5,0
G2XK63,A0A1D6MPT6,0
B4FJ27,A0A1D6F227,0
C3UZ69,A0A1D6KA29,0
A0A1D6IHP1,A0A1D6JQ22,0
A0A1D6Q9Z0,B4F9Z6,0
A0A1D6JB03,A0A1D6HFC5,0
B6T2C6,A0A1D6FQ43,0
B6TB97,C4J4G2,0
K7V4F4,B6SHQ2,0
A0A1D6IBW9,A0A1D6KKD1,0
A0A1D6J431,A0A1D6LF73,0
B4FV87,A0A1D6E9M1,0
A0A1D6L2R1,A0A1D6N6U0,0
A0A1D6KZJ5,A0A1D6LBD6,0
B6TW88,B4FPI6,0
B4G004,A0A1D6KYT6,0
K7TRU5,C0HGP0,0
B4G004,A0A1D6FSD1,0
A0A1D6EZN1,A0A1D6N7V3,0
B6T4C5,A0A1D6HCG5,0
A0A1D6ENF9,A0A1D6Q5L0,0
A0A1D6IK19,A0A1D6HLC9,0
A0A1D6LN43,A0A1R3MB28,0
A0A1D6PWX7,B4FJ62,0
K7U9T4,B4FD59,0
A0A1D6Q8E9,B6UA21,0
A0A1D6F8B8,A0A1D6HXM2,0
B6T9P0,K7U2A9,0
B4G004,A0A1D6ENF9,0
A0A1D6LIJ2,B6TS03,0
K7W117,B6TE04,0
A0A1D6DUD4,A0A1D6KZJ5,0
A0A1D6KIE6,K7TL05,0
A0A1D6G1F0,A0A1D6HB09,0
A0A1D6LR51,A0A1D6EZN1,0
A0A1D6MEK7,A0A1D6IYT5,0
A0A1D6I854,O50018,0
C0P3K6,A0A1D6LQQ9,0
A0A1D6KIE6,B4FI06,0
A0A1D6H920,C0P7S8,0
A0A1D6JW41,B4FKH3,0
B6TE04,A0A1D6FU97,0
B6SPL7,A0A1D6G9C4,0
A0A1D6GDW5,A0A1D6P567,0
A0A1D6ES25,B4FE90,0
B6T4C5,A0A1D6GZI1,0
A0A1D6QH07,A0A1D6NE84,0
C4JA17,B4FP36,0
B6T191,A0A1D6JVN9,0
A0A1D6LIJ2,B4FIF4,0
B4FMM6,C0HGP0,0
A0A1D6H920,A0A1D6LL25,0
B4FNM4,B8Y6I0,0
A0A1D6QSV7,B6T8P9,0
B6TJF5,K7VGL4,0
A0A1D6FX26,A0A1D6HB09,0
A0A1D6EIZ2,B6T2A5,0
A0A1D6L6B8,C4IYP4,0
B4FE90,A0A1D6EBU9,0
A0A1D6QJ28,K7V8V3,0
A0A1D6G1X3,A0A1D6JWU8,0
A0A1D6KU49,B4FIF4,0
A0A1D6KZJ5,B4FYW4,0
B4FV87,A0A1D6MB26,0
A0A1R3MKD7,A0A1D6JD24,0
B4FMV3,A0A1D6HTI7,0
B6TFN4,B4FNU9,0
B4F9Z6,A0A1D6EVN7,0
B4FGQ6,B4FH55,0
C0PHL6,A0A1D6I5M5,0
K7VGL4,K7VZS5,0
B6TFN4,B4FG16,0
A0A1D6IK19,C0PHE3,0
A0A1D6HC95,B4FEN6,0
B4FZQ6,C0PLH8,0
A0A1D6ES25,A0A1D6HEB6,0
A0A1D6MZR2,A0A1D6PFS8,0
B6SHY8,A0A1D6MTP8,0
A0A1D6JWU8,C4J4G2,0
K7URC3,A0A1D6NMS6,0
B4FKH3,B4FYW4,0
A0A1D6EUM9,B4FG16,0
A0A1D6FSD1,A0A1D6L0C8,0
B4FQ61,Q6EI12,0
B6U886,K7V044,0
A0A1D6FSQ0,B4FH55,0
A0A1D6EUM9,A0A1D6JVK1,0
A0A1D6G2B5,A0A096S009,0
A0A1D6FX26,B6STH9,0
A0A1D6G6C5,B6TQ08,0
A0A1D6MTK0,B6SKT2,0
K7VP35,A0A1D6E802,0
B6UFF4,B4G1C9,0
A0A1D6J4M3,A0A1D6P4S0,0
B4F7Z5,K7W0N3,0
A0A1D6M5Z7,A0A1D6JB03,0
B6T3C9,A0A1D6GVJ9,0
A0A1D6JVN9,B4FX20,0
A0A1D6ET60,B4FK57,0
A0A1D6L0C8,A0A1D6P4S0,0
A1DZD5,C0HIJ3,0
B4FK57,A0A1D6L0J1,0
Q5EUD7,B4FKU2,0
B4FBI0,A0A1D6MTK0,0
A0A1D6JY27,A0A1D6PRM3,0
A0A1D6QSV7,B6TLX2,0
A0A096PXB1,B4G1C9,0
A0A1D6HW42,A0A1D6E7R3,0
B4FPI6,A0A1D6G678,0
A0A1D6FCQ0,A0A1D6EBU9,0
B4FLL1,A0A1D6KCM4,0
B4FJ62,A0A1D6HFC5,0
B6TPA4,A0A1D6JWU8,0
A0A1D6KKQ6,A0A1D6KJN3,0
A0A1D6L541,B4G0W3,0
A0A1D6QE75,C0PLH8,0
K7VZS5,B8A0U2,0
A0A1D6EAY0,B4G1C9,0
A0A1D6KID7,B6TRN2,0
A0A1D6M5T1,A0A1D6LBY3,0
A0A1D6PTR0,B8A0U2,0
K7URC3,A0A1D6INZ6,0
Q5GAN9,A8QM11,0
B4FAE1,A0A1D6JQK2,0
B4FZW1,A0A1D6N5V0,0
A1DZD5,A0A1D6M7B9,0
Q5EUD7,B4FJ98,0
A0A1D6FF26,B4FHZ7,0
B6STH9,A0A1D6H4M0,0
B6T7N2,K7V044,0
B6SJJ1,B4FEJ4,0
A0A1D6INR6,B4G1C9,0
A0A1D6ILX5,B6TS03,0
A0A1D6N6A3,A0A1D6LQQ9,0
A0A1D6KKQ6,A0A1D6KA29,0
A0A1D6L541,B6T3B2,0
B4FG16,A0A1D6L0C8,0
A0A1D6IL03,A0A1D6G678,0
K7URC3,C0PEU3,0
A0A1D6MKF8,A0A1D6HTI7,0
C0PEU3,A0A1D6FNT7,0
K7W117,A0A1D6LN43,0
B4FIW6,A0A1D6JZV9,0
A0A096S8W7,B6T3C9,0
A0A1D6LIJ2,A0A1D6QSL7,0
A0A1D6HC95,A0A1D6N3N7,0
A0A1D6IL08,A0A1D6PFS8,0
A0A1D6HN63,A0A1D6MU43,0
A0A1D6QH07,A0A1D6KWD0,0
A0A1D6GSL8,B4FG16,0
B4FZQ6,A0A1D6KIE6,0
A0A1D6EX32,A0A1D6IK19,0
B6SJ34,B4FXB2,0
A0A1D6ET71,B4FLC0,0
B6TVQ4,B4G0F2,0
K7UCL3,A0A1D6GWW5,0
B6TQ08,B4FCQ9,0
C4JBF9,B4FSW2,0
B6T3B2,A0A1D6E802,0
A0A1D6G824,C0PFW7,0
A0A1D6JRI5,A0A1D6E3I5,0
A0A1D6KKQ6,B4FIE9,0
K7TYT2,A0A1D6LBY3,0
C4J9T9,C4JBB4,0
A0A1D6MXH4,B4F8P1,0
A0A1D6I459,C4J434,0
A0A1D6G2B5,B6SKT2,0
A0A1D6IL03,A0A1D6JPD5,0
A0A1D6LXU7,C0PP99,0
B4FJ98,A0A1D6QRE1,0
K7URC3,B6TYC1,0
A0A1D6JBS5,A0A1D6ELH4,0
B6TFN4,C0P7S8,0
A0A1D6I2X6,A0A1D6N4Q6,0
B4FIW6,A0A1D6PUK8,0
B4FLZ6,A0A096QXB7,0
B4FI07,A0A1D6L203,0
B4FEE3,C0PPI1,0
A0A1D6JTN6,A8QM11,0
A0A1D6NEK2,B6STH9,0
A0A1D6QVF4,Q6JAE2,0
C0P3K6,A0A1D6N3N7,0
A0A1D6HXM2,B4FXB2,0
B6UG10,K7TPE9,0
K7V4X2,C0PFW7,0
A0A1Q0YGV1,A0A1D6KJ41,0
A0A1D6ICF7,A0A1D6FX26,0
B6TNK2,B4FDW2,0
B6SZS2,B4FX20,0
B6SUI6,A0A1D6IBW9,0
C0PP99,B4FE90,0
B4FIF4,B4FKA1,0
B8A019,B4FTC1,0
A0A1D6HD42,K7V4F4,0
A0A1D6FHP1,B8A342,0
B6T191,A0A1D6FQD5,0
B4FZW1,A0A1D6MZ39,0
K7U2J9,A0A1D6L2R1,0
A0A1R3MKD7,B4FBP8,0
B4FJY5,A0A1D6PU15,0
A0A1D6ELW4,A0A1D6EA41,0
K7UX95,B4FLQ8,0
A0A1D6QE75,B4FXB2,0
A0A1D6E3U8,A0A1D6PW84,0
A0A1D6JDK3,K7V6T4,0
K7TSJ7,A0A1D6KLQ2,0
K7VP35,B4FJ98,0
A0A1D6JP91,B6SJ40,0
K7W117,K7URC3,0
B6SHY8,A0A1D6FQD5,0
B4FD59,A0A1D6KWD0,0
A0A1D6INZ6,B8Y6I0,0
B4FMM6,A0A1D6PWP4,0
B6T2C6,A0A1D6GWB6,0
B4FFU0,B6TSH5,0
B6UFF4,C0PFW7,0
A0A1D6MPT6,B4FKA1,0
B4FZQ6,A0A1D6FF26,0
K7W117,K7WBK7,0
B6T2C6,A0A1D6P4S0,0
A0A1D6KLB2,A0A1D6PTR0,0
A0A1D6Q388,C4J935,0
B4G0F8,A0A1D6M4R7,0
A0A1D6JB03,B4FKA1,0
A0A1D6K232,B8A0U2,0
B4FBI0,C0PEU3,0
A0A1R3MB28,B4FAL2,0
Q9ST24,A0A1D6JQK2,0
A0A1D6G1X3,B4FH55,0
B6SI29,A0A1D6I5M5,0
B6T3V1,B4FKH3,0
A0A1D6INR6,B4F7V9,0
A0A1D6ICH6,C0PFW7,0
A0A1D6HAW8,K7TPE9,0
B4FU14,A0A1D6HFC5,0
C0PFK3,A0A1D6G555,0
B6SZY5,C0P2S3,0
K7URC3,A0A1D6N6U0,0
K7W117,A0A1D6MAB5,0
A0A1D6IL08,Q6JAE2,0
B6U1D4,A0A1D6GZI1,0
K7W117,A0A1D6KJ41,0
A0A1D6MTP8,B6T3C9,0
A0A1D6Q8E9,A0A1D6NF81,0
B4F8B7,A0A1D6EZN1,0
K7TVE3,B6T828,0
C4J5G0,B4FJ98,0
A0A1D6FSQ0,A0A096QXB7,0
B4FHZ7,A0A1D6KLQ2,0
A0A1D6GVX5,A0A1D6JPD5,0
A0A1D6LN43,C4J4G2,0
A0A1D6MB26,B4FKH3,0
B4FFP9,B6T828,0
A0A1D6LQ20,A0A1D6GVX5,0
C0PP99,C0P9E5,0
C0PEE2,A0A1D6MZR2,0
A0A1D6IXC8,A0A1D6FYU5,0
A1DZD7,A0A1D6IXM2,0
B6U886,A0A1D6H1J5,0
C0P2S3,A0A1D6QNV1,0
B4FMM6,B4G0W3,0
B4FCP0,B4FCU1,0
Q5NKN3,A0A1D6MB26,0
C0PHL6,B6U784,0
A0A1D6GWB6,K7TRU5,0
A0A1D6N0Q6,C0PPI1,0
C0P455,A0A1D6G6M1,0
B4FGQ6,A0A1D6LF73,0
E5LFQ7,B6T2A5,0
A0A1R3MB28,A0A1D6G824,0
A2T1W7,K7VZS5,0
B4FFH8,A0A1D6IXM2,0
A0A1D6QSL7,B4FI07,0
B4FKE8,K7V8V3,0
A0A1D6LR51,A0A1D6K1W3,0
A0A1D6HN63,A0A1D6I7U9,0
B8A2Z7,B4FJ62,0
B4G004,B4FW90,0
A0A1D6M5T1,A0A1D6QSL7,0
A0A1D6Q588,A0A1D6JZV9,0
B6T7N2,A0A1D6JQ22,0
K7URC3,A0A1D6E3I5,0
A0A1D6NE81,C4IYP4,0
B6SK03,A0A1D6Q3E8,0
Q9ST24,A0A1D6N6A3,0
A0A1D6HD77,A0A1D6NMS6,0
Q5EUD7,A0A1D6Q972,0
A0A1D6EA41,B4F8P1,0
B4FIW6,B4FBP0,0
C0PDY7,B4FNX8,0
Q5NKN3,A0A1D6LN43,0
A0A1D6IL03,A0A1D6HLC9,0
B6SZS2,B4FMM6,0
B4FEN6,K7VGL4,0
C4J5G0,B4FX20,0
A0A1D6LN43,A0A1D6PW84,0
A0A1D6E8H9,A0A060D8P6,0
A0A1D6ES25,A0A1D6K627,0
A0A1D6F1T7,B4FW90,0
B6SIN8,A0A1D6HEB6,0
B4FIW6,A0A1D6E3U8,0
B6SJ40,C0PHL6,0
B4FPI2,B4FPI6,0
A0A1D6N1H7,A0A1D6GWW5,0
A0A1D6EUM9,B6U784,0
B7ZY74,A0A1D6IYT5,0
B4FIE9,A0A1D6MVE6,0
A0A1D6F1V6,A0A1D6FHP1,0
A0A1D6I854,A0A1D6E3M8,0
C4J9T9,C4IYP4,0
A0A1D6FX26,A0A1D6H1J5,0
A0A1D6J5J5,A0A1D6JPD5,0
A0A1D6KGV2,A0A1D6E8K9,0
A0A1D6PTR0,A0A1D6HCG5,0
B4FR08,B6UAK0,0
B4FG54,A0A1D6FQ43,0
B6U1D4,A0A1D6IK19,0
A0A1D6JZK8,A0A1D6HLC9,0
A0A1D6ES25,B6T4C5,0
B6T2C6,A0A1D6QE75,0
B4FBP0,A0A1D6PRM3,0
K7U9T4,A0A1D6LL25,0
A0A1D6KYT6,A0A1D6MBX4,0
B4FR08,A0A1D6GVJ9,0
A0A1D6ET60,A0A1D6QT72,0
A0A1D6QJ28,B6U886,0
B4FJ62,A0A1D6IJX7,0
A0A1D6ICH6,A0A1R3MJR2,0
A0A060D8P6,A0A1D6JRW3,0
O49010,B4FHG9,0
A0A1D6MA73,C0PHL6,0
B4FMV3,B4FZJ1,0
B4G004,B4FFP9,0
B6TE04,A0A1D6GT24,0
A0A1D6H1J5,B4FCQ9,0
B6TLX2,C0P9E5,0
A0A1D6M7I0,B4FDW2,0
B6TFN4,C0PFW7,0
A0A1D6FQ43,A0A1D6IYT5,0
B4FZ81,A0A1D6EUM9,0
A0A1D6PTR0,C0PFW7,0
A0A1D6MB26,A0A1D6Q5L0,0
B6TW88,A0A1D6JH51,0
A0A1D6L2R1,A0A1D6E6T3,0
A0A1D6PK72,A0A1D6NS94,0
A0A1D6NT56,A0A1D6P2S6,0
B4FFU0,A0A1D6Q5L0,0
A0A1D6JP91,A0A1D6GDW5,0
B6T4C6,A0A1D6JMY2,0
A0A1D6PK72,B4FUW2,0
C0PFK3,B6SRI4,0
A0A1D6DUD4,A0A1D6FHM9,0
A0A1D6KGV2,B6SK95,0
B6SJJ1,A0A1D6J431,0
B6SK03,B4FG25,0
A0A1D6JZV9,B4FZZ2,0
B4FT00,A0A1D6MPT6,0
A0A1D6JB03,B4FKE8,0
A0A1D6IN82,A0A1R3MJR2,0
A0A1D6E9M1,A0A1D6ICK8,0
A0A1D6JVK1,B4FT35,0
A0A1R3MB28,B4FCU1,0
A0A1D6I2X6,C4IYP4,0
A0A1D6HXQ9,A0A1D6HB09,0
A0A1D6QSL7,B4FJ98,0
A6YRS1,A0A1D6M7B9,0
A0A1D6K203,A0A1D6MNG2,0
A0A1D6P567,K7TYE5,0
A0A1D6LNQ7,C4JBB4,0
K7U2A9,C0PFK3,0
B4F8P1,C0HGP0,0
K7VP35,B6SJ90,0
B6SMW8,B4FCU1,0
A0A1D6JP91,A0A1D6L203,0
B6TW88,B4F9V2,0
B4FGC8,B4F8N5,0
A0A1D6E9U1,A0A1D6F227,0
C0PGP9,C4JBF9,0
A0A1D6JH51,B4FZ94,0
A0A1D6ET71,A0A1D6QNV1,0
B6TNK2,A0A1D6E3U8,0
A0A1D6JZV9,A0A1D6L203,0
A0A1D6PU88,B4FXE4,0
C0PPI1,B8A342,0
B6TU32,A0A1D6KNV0,0
B6SZY5,B4FG25,0
A0A1D6JB03,B4FHZ7,0
E5LFQ7,B4FI06,0
A0A1D6QVF4,A0A1D6N7V3,0
A0A1D6MU43,K7VZS5,0
Q5EUD7,A0A1D6QVF4,0
A0A1D6N7V3,B6T828,0
B4FV87,C0P7S8,0
A0A1D6ET71,A0A1D6M795,0
A0A1D6PWX7,A0A1D6E6T3,0
A0A1D6PWX7,A0A1D6MNG2,0
A0A1D6IV90,B4FBP0,0
A0A1D6GRJ1,A0A1D6LBD6,0
A0A1R3MKD7,A0A1D6ICK8,0
A0A1D6ET71,B4FLZ6,0
A0A1D6Q388,A0A1D6N969,0
A0A1D6M5T1,A0A1D6F227,0
A0A1D6IYI2,A0A1D6G1X3,0
B4FT35,K7TL05,0
A0A1D6LQ20,A0A1D6JWU8,0
A0A1D6Q5L0,B6SKT2,0
A0A1D6LXU7,B4F8B7,0
B6UHJ4,A0A1D6PFS8,0
K7TPE9,C4J434,0
G2XK63,B4FK57,0
B4FIE9,B8A0U2,0
A0A1D6DUD4,A0A1D6M1I0,0
K7URC3,A0A1D6Q5L0,0
C4JAU6,A0A1D6E8K9,0
A0A1D6G1F0,O49010,0
A0A1D6JBS5,B4FKU2,0
A0A1D6HXM2,B4FKE8,0
A0A1D6GRJ1,A0A1D6EBU9,0
C0P7S8,B4FKA1,0
B6SIS5,B6TGL5,0
A0A096S8W7,G2XK63,0
O49010,A0A1D6L0C8,0
A0A1D6NT56,A0A1D6HLC9,0
O49010,C0HIJ3,0
A0A1D6Q388,B4F7V9,0
A0A1D6HAW8,B4FJ92,0
B4FLL1,A0A1D6JZK8,0
A1DZD5,B6TGL5,0
A0A1D6MBN2,A0A1D6MZR2,0
A0A1D6L3L6,A0A1Q0YGV1,0
K7V4F4,A0A1D6LR51,0
A0A1D6EYJ9,B6TA94,0
A0A1D6KGV2,A0A1D6M723,0
A0A1D6JDK3,B4FK09,0
A0A1D6MKF8,A0A1D6N6U0,0
A0A1R3MB28,C4JAU6,0
A0A1D6KKD1,B6U194,0
A0A1D6K888,B6TB97,0
A0A1D6IK19,B4FZJ1,0
A0A1D6JDK3,A0A1D6HN63,0
B6TZ71,C0PK96,0
B4G0W3,A0A1D6I7U9,0
B4FAE1,A0A1D6EYJ9,0
A0A1D6LDM7,B6U194,0
A0A1D6PU88,A0A1D6N7V3,0
Q64HC3,B4FR08,0
A0A1D6EX32,A1DZD7,0
B4FQ40,K7UCL3,0
B6T3C9,A0A1Q0YGV1,0
A0A1D6MB26,A0A1D6PRM3,0
A0A1D6PWM4,A0A1D6HVN5,0
A0A1D6Q388,A0A1D6NE84,0
B4FG25,B4FH55,0
C4JAU6,A0A1D6JZV9,0
B4FAA5,A0A1D6M4R7,0
A0A1D6MBX4,A0A1D6P567,0
B6UG10,A0A1D6J0S9,0
A0A1D6ESU1,B4FP36,0
A0A1D6N6U0,A0A1D6LBY0,0
A0A1D6I7U9,A0A1D6G0C7,0
A0A1D6I854,B4FAE1,0
A0A1D6KID7,A0A1D6JD24,0
B4FIF4,B6T9P0,0
A0A1D6IER4,A0A1D6MHQ1,0
A0A1D6ET60,A0A1D6GRJ1,0
A0A1D6LDM7,A0A1D6MTK0,0
A0A1D6G2B5,A1DZD7,0
B4FV87,B8A0U2,0
A0A1D6G678,A0A1D6KNV0,0
A0A1D6ICH6,A0A1D6GI59,0
A0A1D6IV90,B6TVQ4,0
A0A1D6KEA0,A0A1D6MZR2,0
B6UG10,A0A1D6LBY3,0
A0A1D6PM19,B6T2A5,0
A0A1D6G678,A0A1D6MPT6,0
B4FZW1,A0A1D6PUK8,0
Q5NKN3,B6SKT2,0
A0A1D6L0C8,A0A1D6LBY0,0
A0A1D6I2X6,G2XK63,0
A0A1D6LQQ9,A0A1D6KWD0,0
B6TVQ4,B4FJ98,0
K7W117,A0A1D6LBY3,0
A0A1D6QSL7,A0A1D6E3M8,0
B6UFF4,A0A1D6N7V3,0
B6SK03,A0A1D6N969,0
A0A1D6FYU5,B6SMW8,0
B4FMM6,Q9MAY9,0
B6TA94,A0A1D6NF81,0
B6TE04,B4FG25,0
K7W0N3,A0A1D6NMS6,0
A0A1D6GDW5,A0A1D6FBR8,0
K7UZL8,C0HGP0,0
C0PFW7,A0A1D6LBY0,0
B6T4C5,A0A1D6HXF7,0
B6UAK0,Q5EUD1,0
A0A1D6KIE6,A0A1D6NS94,0
A0A1D6M1I0,A0A1D6HVS1,0
K7VP35,A0A1D6INZ6,0
A0A1D6HXM2,C4JBF9,0
B4FFP9,A0A1D6KKQ6,0
A0A1D6G2B5,B4FNU9,0
B4F7S2,K7TVE3,0
B4F8B7,B6THF0,0
A0A1D6KIE6,B6T1H0,0
A0A1D6M7I0,B6T8P9,0
B4FUR5,A0A1D6DZK4,0
B6TS03,A0A1D6MB26,0
A0A1D6PTR0,B4FUW2,0
B8A019,B6SRI4,0
B4G0H3,B8A0U2,0
K7U9T4,A0A1D6GFP9,0
B6UG10,B4F9Z6,0
C0PP99,A0A1D6G0C7,0
A6YRS1,A0A1D6N7V3,0
A0A1D6NR73,B6SJ90,0
B4FFP9,A0A1R3MJR2,0
A0A1D6JDK3,A0A1D6HVN5,0
A0A1D6LIJ2,A0A1D6H6R3,0
B8A2Z7,B4FCU1,0
K7W117,A0A1D6LQQ9,0
K7V4F4,A0A1R3MKD7,0
B6SUI6,A0A1D6Q3H8,0
A0A1D6IYI2,B6T2A5,0
C4J434,B6T1H0,0
A0A1D6MVE6,Q548E7,0
A0A1D6QFM0,B4FL49,0
B6T4C6,K7VW51,0
E5LFQ7,A0A1D6KU49,0
A0A1D6PWM4,B6SJ40,0
A0A1D6MXH4,B4FAL2,0
B4FEN6,B4FUW2,0
C0PB84,B4FHG9,0
B4FAA5,B6SJ34,0
B4G004,A0A1D6M5T1,0
A0A1D6GWB6,C4J9T9,0
A0A1D6KIE6,A0A1D6MB26,0
A0A1D6NEK2,A0A1D6GSL8,0
B4FBI0,A0A1D6M4R7,0
B4F8J7,A0A1D6L0C8,0
K7U2J9,A0A1D6P2S6,0
A0A1D6PW84,B4FD59,0
B4F7Z5,K7UZL8,0
B4G0W3,A0A1D6L6F1,0
A0A1D6H6R3,A0A1D6PM30,0
A0A1D6QSL7,A0A1D6MTK0,0
A0A1D6NR73,A0A1D6GG87,0
A0A1D6HXQ9,B8A2Z7,0
B4FLL1,A0A1D6M1P7,0
B4FGC8,A0A1D6ES25,0
A0A1D6KYH2,A0A1D6K203,0
E5LFQ7,A0A1D6LNQ7,0
A0A1D6I854,A0A1D6HTI7,0
B6T4C5,A0A1D6ICK8,0
C0P455,A0A1D6HLC9,0
A0A1D6I2X6,A0A1D6N6A3,0
B4FFP9,B6TA94,0
B4FR08,K7U2A9,0
A0A1D6ELW4,A0A1D6LF73,0
B6U1D4,C4J0G4,0
A0A1D6LDM7,B8A0U2,0
A0A1D6EIZ2,B6TB97,0
A0A1D6NT56,A0A1D6FX26,0
A0A1D6JB03,A0A1D6MU43,0
A0A1D6QVF4,A0A1D6JWU8,0
A0A1D6NVN3,C0P9E5,0
B4FT00,C0PHE3,0
A0A1D6NS94,Q548E7,0
B4G004,A0A1D6MLM9,0
A0A1D6MEK7,A0A1D6G678,0
O22656,Q9MAY9,0
A0A1D6INR6,C0PK96,0
A0A1D6M723,A0A1D6KZJ5,0
B4FW90,B6TZ71,0
B6TYC1,A0A1D6G824,0
A0A1D6NR73,C0HES6,0
A0A1D6L3L6,C0PGW3,0
A0A1D6ICH6,A0A1D6MK44,0
A0A1D6M5T1,B6T3V1,0
A0A1D6QJ88,O50018,0
A0A1D6MTP8,A0A1D6J431,0
B4FCK9,A0A1D6LL25,0
A0A1D6GPD5,A0A1D6HW42,0
B6SXW8,A0A1D6LSQ7,0
C0PDY7,A0A1D6F1T7,0
B4F9Z6,A0A1D6G6M1,0
A0A1D6G1X3,A0A1D6GRI6,0
A0A1D6KKQ6,B4FAL2,0
A0A1D6ILX5,B6SZS2,0
A0A1D6JM71,A0A1D6EYJ9,0
B6T191,A0A1D6PM19,0
B4FBI0,A0A1D6LF73,0
A0A1D6MB26,A8QM11,0
A0A1D6GT24,A0A1D6GRJ1,0
B6TZ71,C0HGP0,0
A0A1D6K203,A0A1D6EBT5,0
B4FXE4,B4G0H3,0
B4FHZ7,Q5GAN9,0
B6SIY6,A0A1D6K1R9,0
A0A1D6QBN2,A0A1D6KJ41,0
B4FZ81,B8A1N8,0
K7U9T4,A0A1D6HFC5,0
A0A1D6LQ20,A0A1D6GVJ9,0
A0A1D6HXM2,A0A1D6Q3H8,0
A0A1D6JVN9,B4FNX8,0
B4FFP9,B6TRN2,0
A0A1D6NEY9,A0A1D6QT72,0
B4FCK9,A0A1D6JRW3,0
A0A1D6EX32,A0A1R3MJR2,0
A0A1D6ET60,A0A1D6Q3H8,0
K7V6T4,A0A1D6NF81,0
A0A1D6JVN9,A0A1D6QVF4,0
C0PB84,B4F8N5,0
A0A1D6M4R7,B4FU14,0
A0A1D6MU43,K7TYE5,0
C0PDY7,K7TL05,0
A0A1D6HD42,C0P3K6,0
A0A1D6I854,A0A1D6K1W3,0
B8A019,A0A1D6H6R3,0
B6TJF5,B6TA94,0
A0A1D6NT56,B4FGC8,0
B4F7S2,A0A1D6JW41,0
C0PLH8,B4FQ61,0
A0A1D6MA73,A0A1D6ET60,0
A0A1D6ILD0,A0A1D6GRJ1,0
A0A1D6FHP1,A0A1D6NKQ5,0
B4FJ95,A0A1D6F227,0
Q5EUD7,C0PFW7,0
K7TSJ7,A0A1D6HTI7,0
A0A1D6EIZ2,B8Y6I0,0
K7UCL3,B4FZZ2,0
A0A1D6HB09,B4FCU1,0
B8Y6I0,B4FZZ2,0
B6SZS2,B4FNX8,0
A0A1D6PYY0,A0A1D6GZI1,0
A0A1D6G9C4,C0HGP0,0
C0PEE2,B4FJ98,0
B6TYC1,B4FQ61,0
B4FFH8,B4FXB2,0
A0A1D6M7I0,A0A1D6GFP9,0
B6TYC1,A0A1D6HXR0,0
A0A1D6E8H9,A0A1D6GRI6,0
A0A1D6E3I5,K7UX95,0
B4FZ81,A0A1D6Q972,0
B6TS03,B6TB97,0
A0A1D6MBX4,A0A1D6EVN7,0
B6SZS2,A0A1D6E8K9,0
B4FCQ9,B4FH55,0
A0A1D6MAB5,A0A1D6EP97,0
A0A1D6Q9Z0,A0A1D6NEK2,0
A0A1D6EVN7,A0A1D6KWD0,0
B6SHY8,A0A1D6GVX5,0
A0A1D6ICF7,A0A1D6I7U9,0
B4F7S2,B4FL49,0
K7U2J9,A0A1D6HXQ9,0
A0A1D6Q588,A0A1D6M1I0,0
A0A1D6ICF7,A0A1D6M5T1,0
K7UZL8,B4F7V9,0
B4FBP0,K7WBK7,0
A0A1D6JTN6,A0A1D6GRJ1,0
A0A1D6LDM7,A0A1D6N969,0
A0A1D6HXQ9,A0A1D6E7R3,0
K7V8V3,B4F8N5,0
A0A1D6JVN9,B6U194,0
B6TNK2,A0A1D6QSV7,0
A0A1D6JH51,A0A1D6M7B9,0
B4FZW1,A0A1D6KGV2,0
A0A1D6ENF9,C0P9E5,0
A0A1D6KV46,B4FPD1,0
A0A1D6KIE6,A0A1D6K417,0
A0A1D6PK72,A0A1D6LNQ7,0
A0A1D6HEB6,B4G0F2,0
A0A1D6IL03,A0A1D6E8H9,0
Q9ST24,A0A1D6M1I0,0
B4FLL1,K7V8V3,0
A0A1D6FSD1,B4FLC0,0
A0A1D6FHM9,A0A1D6HW42,0
A0A1D6MA73,A0A1D6MTP8,0
B4G0Z5,B4FJ95,0
A0A1D6DUD4,B4G0W3,0
A0A1D6QJ28,A0A1D6EVN7,0
A0A1D6JDK3,A0A1D6IXC8,0
B4FLL1,A0A1D6JRW3,0
B4FW90,A0A1D6F227,0
C4J5G0,B6SJ90,0
A1DZD7,B4FE90,0
B6UA21,O22656,0
A0A1D6EIZ2,A0A1D6IXM2,0
B4FVL1,B8A342,0
B6SZS2,B4FCP0,0
A0A1D6I459,A0A1D6MTK0,0
B4FR08,B4FT00,0
B6SIN8,A0A1D6E6T3,0
A0A1D6EYJ9,A0A1D6GG87,0
C0PHL6,C0PHE3,0
A0A1D6FES4,B4FNU9,0
A0A1D6EAY0,C0PGW3,0
A0A1D6PWM4,A0A1D6H920,0
B4FQ40,C0PHE3,0
A0A1D6G0C7,A0A1D6NKQ5,0
C4J5G0,A0A1D6MM98,0
B6T4C5,C0P9E5,0
B4FEE3,B4FZJ1,0
B4FCK9,A0A1D6KJN3,0
A0A1D6J4M3,A0A1D6HFC5,0
K7TSJ7,A0A1D6HN63,0
B4FX20,C0PHL6,0
A0A1D6G6M1,A0A1D6JRW3,0
C0P455,K7UUB0,0
A0A1D6MB26,A0A1D6MU43,0
A0A1D6G2B5,B4FG25,0
B6SUI6,A0A1D6I2R9,0
A0A1D6EA41,A0A1D6HW42,0
A0A1D6H920,C0PHE3,0
A0A1D6L2R1,A8QM11,0
A0A1D6HXM2,B6TLX2,0
A0A1D6F8B8,B4FG16,0
A0A1D6GSL8,B4FJ95,0
A0A1D6IBW9,A0A096QXB7,0
A0A1D6G824,C0PGW3,0
A0A1D6E9U1,B6TGL5,0
A0A1D6IXC8,B8A2Z7,0
A0A1D6EA41,A0A1D6G9C4,0
C4J4G2,A0A1D6GI59,0
A0A1D6LDM7,A0A1D6IYI2,0
A0A1D6M795,C4J4G2,0
A0A1D6JTN6,B4FBP8,0
A0A1D6I5M5,C0HGP0,0
B4FZW1,A0A1D6GZI1,0
B6T4C5,B4FAL2,0
A0A1R3MKD7,A0A1D6GWW5,0
K7VP35,A0A1D6M7B9,0
B4FHG9,A0A1D6JQ22,0
A0A1D6EX32,C0PHL6,0
B4FVL1,K7TRU5,0
B4FSW2,K7U2A9,0
B4G0F8,A0A1D6NF81,0
A0A1D6NVZ3,A0A1D6IK19,0
B6UHJ4,A0A1D6LBY0,0
B6TS03,A0A1D6PWP4,0
A0A1D6MVE6,B6T828,0
B6T3B2,O50018,0
A0A1D6GRJ1,B4FJ98,0
C0PFW7,B6THF0,0
C0PHR4,C4JBF9,0
A0A1D6LR51,B4FPI2,0
A0A1D6IK19,B6T8P9,0
C0P3K6,B8A342,0
B4FPD1,K7VW51,0
B4FE90,B4FZJ1,0
B4FEE3,A0A1D6JQK2,0
A0A1D6KZJ5,A0A1D6IYT5,0
A0A1D6GDW5,B4FCP0,0
A0A1D6KYT6,A0A1D6K203,0
A0A1D6L6B8,A0A060D8P6,0
A0A1D6G678,B4FCU1,0
B6SKA0,B4FMM6,0
A0A1D6IN82,B6TB97,0
A0A1D6QJ28,B4F8J7,0
B4G1C9,B4FLC0,0
B4FI06,A0A1D6JMY2,0
A0A1D6NEK2,C0PFK3,0
O22656,B4FBV4,0
A0A1D6MEK7,A0A1D6MVE6,0
A0A1D6NEY9,A0A1D6I5M5,0
A0A1D6G2B5,A0A1D6HD77,0
A0A1D6H920,B4FKH3,0
B4F8P1,A0A1D6KCM4,0
A0A1D6JH51,A0A1D6Q5L0,0
B4FZW1,C4J5G0,0
A0A1D6HEB6,A0A1D6K1W3,0
B4G0F8,A0A1D6IER4,0
A0A1D6GPD5,A0A1D6P4S0,0
A0A1D6LL25,B4FKU2,0
B4FLL1,A0A1D6H4M0,0
A0A1D6FBS3,A0A1D6K627,0
A0A1D6MAB5,A0A1D6MBX4,0
B4FMV3,A0A1D6L3L6,0
B4FNM4,K7V9W1,0
B6SI29,A0A1D6N5V0,0
A0A1D6ENF9,A0A096S009,0
B6UAK0,A0A1D6FES4,0
B4F7V9,A0A1D6FU97,0
A0A1D6EIZ2,A0A1D6IGX5,0
A0A1D6MAB5,A0A1D6IER4,0
B8Y6I0,A0A1D6N3N7,0
A0A1D6DUD4,A0A1D6KGV2,0
A0A1D6L651,A0A1D6FYU5,0
B6SK03,B4FK09,0
A0A1D6GWB6,A0A096S009,0
A0A1D6NVZ3,A0A1D6FRP9,0
A0A1D6DZK4,B4FNU9,0
B4FAA5,B4FV87,0
A0A1D6JVN9,A0A1D6EZN1,0
B4FZJ1,A0A1D6NF81,0
K7URC3,A6YRS1,0
A0A1D6E6T3,C4IYP4,0
A0A1D6HB09,B4FP36,0
A0A1D6DZK4,A0A1D6K1R9,0
B6UAK0,A0A1D6LQQ9,0
K7V6T4,A0A1D6MM98,0
C0PHE3,C4IYP4,0
A0A1D6KYT6,A0A096S009,0
B4FMM6,A0A1D6ELH4,0
A0A1D6IGX5,A0A1D6NF81,0
B6T2C6,B6U194,0
A0A1D6MTP8,A0A1Q0YGV1,0
A0A1Q0YGV1,B4FD59,0
A0A1D6M1P7,A0A1D6MTK0,0
B8A019,A0A1D6L6B8,0
A0A1D6IL08,A0A1D6M7I0,0
B4FR08,B4FU00,0
A0A1D6HD42,A0A1D6QJ28,0
B4FR08,A0A1D6PW84,0
A0A1D6MBN2,A0A1D6PYY0,0
C0PB84,A0A1D6G555,0
B4FI06,A0A1D6LBY0,0
A0A1D6ILX5,B6SRI4,0
B6SJ40,A0A1D6K1W3,0
B6SPL7,B4FBP8,0
C4JA17,A0A1D6IER4,0
C0PB84,A0A1D6MXC5,0
A0A1D6M795,B4FCQ9,0
B6U886,B6U194,0
B4FZQ6,A0A1D6HAW8,0
B6SXW8,A0A1D6ICK8,0
B4FZW1,A0A1D6PYY0,0
A0A1D6K1W3,A0A1D6E8K9,0
A0A1D6IXC8,A0A1D6M7B9,0
C4JAU6,A0A1D6JRI5,0
A0A1D6KCM4,A0A1D6G0C7,0
A0A1D6E8H9,A0A1D6MZ39,0
A1DZD7,B4FKU2,0
A0A1D6LQ20,A0A1D6DSZ5,0
A0A1D6K888,K7TRU5,0
A0A1D6PU88,B4FUW2,0
B4FX20,A0A1D6ES25,0
B6TFN4,B6UA21,0
A0A1D6EBT5,B4FNX8,0
A0A1D6IL08,A0A1D6L541,0
B6TJF5,B4G004,0
A0A1D6HVS1,A0A1D6GWW5,0
A0A1D6GT24,B4FKH3,0
A0A1D6GPD5,B4FZJ1,0
A0A1D6N0Q6,B8A0U2,0
A0A1D6KYT0,A0A1D6FQ43,0
A0A1D6NEK2,B4F7V9,0
A0A1D6MAB5,B4FK09,0
C4IYP4,A0A1D6MVE6,0
A0A1D6EBT5,A0A1D6QRE1,0
B6TW88,B6UG10,0
B6SXW8,A0A1D6FCQ0,0
A0A1D6MEK7,A0A1D6G0C7,0
Q9ST24,A0A1D6LBY3,0
A0A1D6ICF7,K7UZL8,0
A0A1D6LDM7,A0A1D6MK44,0
A0A1D6HVS1,A0A1Q0YGV1,0
B4FCQ9,A0A1D6EBT5,0
B6SRI4,A0A1D6K232,0
A0A1D6DUD4,Q64HC3,0
A6YRS1,B6UH99,0
A0A1D6MBX4,A0A1D6HTI7,0
B4FU14,A0A1D6N4Q6,0
A0A1D6EX32,A0A1R3MKD7,0
A0A1D6K888,B4FCP0,0
A0A1D6GT24,C4JAU6,0
A0A1D6QRE1,A0A1D6G555,0
B7ZY74,A0A1D6NR73,0
A0A1D6IL03,A0A1D6JVK1,0
A0A1D6MU43,B4G0F2,0
C0P7S8,C0PEU3,0
A0A1D6ICH6,A0A1D6K888,0
B6T9P0,C0PHE3,0
B4FFH8,B4FLC0,0
C0P7S8,B4FI06,0
A0A1D6NEK2,A0A1D6JZK8,0
A0A1D6L0C8,B6SJ34,0
B6SI29,A0A1D6I8H7,0
A0A1D6K1W3,A4L9Q6,0
A0A1D6H920,B4FAE1,0
A0A1D6PU88,A0A1D6MNG2,0
B4FSW2,A0A1D6J5V3,0
A0A1D6NT56,A0A1D6G1F0,0
A0A1D6MU43,A0A1D6PM19,0
A0A1D6GSL8,B4FD59,0
A2T1W7,B4FNM4,0
A0A1D6IYI2,K7UX95,0
A0A1D6Q388,K7U964,0
A0A1D6EVN7,C0PP99,0
B4FW90,K7UCL3,0
B4FBV4,A0A1D6I5M5,0
B4FUR5,A0A1D6Q7T3,0
Q5NKN3,A0A1D6MXH4,0
B6T7N2,A0A1D6QJ88,0
B6SZS2,A1DZD7,0
A0A1D6LR51,C0PHL6,0
A0A096S8W7,B6SK95,0
A0A1D6PU15,B4FYW4,0
B6UHJ4,B4F8J7,0
B8Y6I0,C4J434,0
A0A1D6KKQ6,B6SZY5,0
A0A1D6HEB6,A0A1D6MPT6,0
A0A1D6P2S6,B4FTC1,0
B6SKA0,A0A1D6Q7T3,0
B4FNU9,B4FKA1,0
B4FAE1,B6T303,0
A0A1D6Q8E9,B4FLC0,0
A0A1D6LN43,B4FJ95,0
B4FZZ2,A0A1D6P2S6,0
B4FXE4,B6TGL5,0
A0A1D6Q3H8,A0A1D6HWV5,0
A0A1D6I2X6,B6TA94,0
A0A1D6QFM0,A0A1D6E3I5,0
A0A1D6QVF4,B4FZ94,0
A1DZD5,B4FIW6,0
B4FNQ9,B4FFP9,0
A0A1D6HCG5,A0A1D6L6F1,0
B4FR08,K7TRU5,0
A0A1D6JY27,B6U194,0
A0A1D6KKQ6,Q548E7,0
A0A1D6LL25,A0A1D6J4M3,0
B4FNM4,A0A1D6G9C4,0
A0A1D6PWP4,B4FG16,0
A0A1D6IHP1,B4FKU2,0
A0A1D6JH51,A0A1D6E7R3,0
B4FZ81,A0A1D6L3L6,0
B8A1N8,C4J4G2,0
B4FJ95,B4FDW2,0
B4FJ27,C4J434,0
A0A1D6NVN3,A0A1D6FNT7,0
B8A1N8,C0PFK3,0
B4FMV3,A0A1D6F227,0
B4FUR5,B6SJF5,0
B4FZ94,A0A1D6GI59,0
A0A1D6KYT0,A0A1D6J431,0
A0A1D6LDM7,B4FIW6,0
A0A1D6LIJ2,A0A1D6K203,0
C4J4G2,Q548E7,0
A0A1D6K417,A0A1D6QRE1,0
A0A1D6I2X6,B4FJ95,0
B4F8B7,A0A1Q0YGV1,0
A0A1D6LR51,K7W0N3,0
A0A1D6KIE6,A0A1D6EYJ9,0
B4FJ27,B4FH55,0
A0A1D6EP97,A0A1D6FF26,0
B6SHY8,K7UZL8,0
A0A1D6QH07,A0A1D6E6T3,0
A0A1D6E3M8,K7VGL4,0
K7U964,A0A1D6GWW5,0
A0A1D6KIE6,A0A1D6JD24,0
A0A1D6KLB2,A0A1D6M4R7,0
B4FFH8,A0A1D6HC95,0
A0A1D6LIJ2,K7UZL8,0
B6T191,C4J4G2,0
A0A1D6EZN1,A0A1D6QNV1,0
A0A1D6MA73,A0A1D6NEK2,0
A0A1D6KYH2,A0A1D6M5Z7,0
A0A1D6DZK4,C0PHR4,0
A0A1D6NR73,A0A1D6KKD1,0
B6T3B2,A0A1D6ECI1,0
A0A1D6IL08,A0A1D6JVN9,0
A0A1D6HD77,B6SIY6,0
A0A1D6FX26,B4FK09,0
B4FX20,K7TL05,0
A0A1D6MB26,A0A1D6GZI1,0
A0A1D6ILD0,A0A1D6G678,0
A0A1D6Q9Z0,B6TSH5,0
A0A1D6IBW9,A0A1D6MK44,0
A0A1D6FX26,B4FNU9,0
B4FNQ9,C4J434,0
A0A1D6ENF4,A0A1D6LQ20,0
K7V8V3,A0A1D6N7V3,0
B4FNQ9,A0A1D6JY27,0
B6SZE0,K7VK29,0
B4FVL1,B4FJ62,0
A0A1D6IER4,A0A1D6H6R3,0
B6SKA0,B6SK95,0
A0A1D6KIE6,Q5GAN9,0
B6TW88,A0A1D6LN43,0
A0A1D6NVZ3,A0A1D6NE84,0
A0A1D6JBS5,B4FBI0,0
B4F9V2,A0A1D6N7V3,0
C4JAU6,A0A1D6PUK8,0
A0A1D6QFM0,A0A1D6JZV9,0
B6TNK2,C0PFK3,0
A0A1D6NVN3,A0A1D6MM98,0
B4FPI6,A0A1D6ICK8,0
B4G004,B4FKE8,0
A0A1D6PU88,A0A1D6ENF9,0
A0A1D6Q9Z0,A0A1D6ENF4,0
A0A1D6FNT7,B4FLQ8,0
B6UG10,B4FNU9,0
A0A1D6LNQ7,B4FDW2,0
B6SZS2,A0A1D6JMY2,0
B7ZY74,A0A1D6MHQ1,0
K7VW51,A0A1D6MPT6,0
B4F7S2,A0A1D6PW84,0
B6SKA0,A0A1D6GFP9,0
K7U4R6,B4FTC1,0
B6TE04,B4FZJ1,0
A0A1D6E8H9,B4G0W3,0
C0P7S8,B6TA94,0
C0PGP9,B6TYC1,0
K7V4F4,A0A1D6G824,0
B6T9P0,K7V8V3,0
C4J935,A0A1D6M7B9,0
A0A1D6M723,O50018,0
B4F8J7,A0A1D6JQK2,0
A0A1D6JZK8,A0A1D6PWX7,0
A0A1D6Q972,B4G0F2,0
A0A1D6F1T7,A0A1D6G2B5,0
B8A2Z7,A0A1D6L0C8,0
A0A1D6LXU7,B6TZ71,0
B4F8J7,A0A1D6I2R9,0
A0A1D6H1J5,A0A1D6K627,0
A0A1D6EVN7,A0A1D6PRM3,0
K7VGL4,A0A1D6G0C7,0
A0A1D6PW84,Q9MAY9,0
K7W117,A0A1D6H920,0
C0P3K6,A0A1D6IK19,0
A0A1D6ELH4,A0A1D6IL03,0
A0A1D6JDK3,A0A1D6EP97,0
B4G0F8,A0A1D6GVJ9,0
B4F9Z6,A0A1D6MXC5,0
A0A1D6I2R9,C4JBB4,0
B6UHJ4,K7URC3,0
A0A1D6M1P7,K7V6T4,0
A0A1D6JDZ1,A0A1D6G1X3,0
B6TFN4,A0A1D6Q3E8,0
B4FPI6,A0A1D6DSZ5,0
B6T191,A0A1D6JH51,0
B4FDW2,K7V9W1,0
A0A1D6HD77,A0A1D6GFP9,0
A0A1D6FHP1,K7U964,0
C4JBF9,B4FUW2,0
B6TVQ4,A6YRS1,0
A0A1D6NVZ3,A0A1D6L6B8,0
A0A1D6Q8E9,A0A1D6JVN9,0
C0PP99,A0A1D6F227,0
O49010,B4FH55,0
B4FT35,C0P8K4,0
A0A1D6KLB2,A0A1D6QH07,0
K7V6T4,Q6EI12,0
B6SHY8,B4G0W3,0
A0A1D6JQ22,B4F8P1,0
C0PDY7,A0A1D6K1W3,0
A0A1D6QBN2,A0A1D6Q3E8,0
B4FFP9,B4G1C9,0
A0A1D6EP97,B4FFP9,0
A0A1D6M5T1,B4F8J7,0
B4FVL1,A0A1D6M1I0,0
K7TYE5,A0A1D6I5M5,0
K7W117,C4J5G0,0
C0HES6,A0A1D6JD24,0
A1DZD7,A0A1D6M7B9,0
A0A096S8W7,A0A1D6JZV9,0
A0A1D6Q8E9,K7VW51,0
A0A1D6ICF7,A0A1D6GSL8,0
K7W117,A0A1D6HXR0,0
C0PHR4,A0A1D6PRM3,0
A0A1D6MK44,B6T828,0
A0A1D6F8B8,A0A1D6FNT7,0
K7U4R6,A0A1D6PM19,0
A0A1D6H920,A0A1D6HVN5,0
B4F8J7,A0A1D6N5V0,0
A0A1D6KYT0,A0A1D6J5J5,0
A0A1D6KYT0,A0A1D6FU97,0
A0A1D6MKF8,A0A1D6ILX5,0
B4FPD1,B8Y6I0,0
A0A1D6Q8E9,A0A1D6GZI1,0
B6UA21,B6T3V1,0
A0A1D6JDK3,A0A1D6E8K9,0
A0A1D6DZK4,K7U964,0
A0A1D6PWM4,B4FDW2,0
C0PEE2,A0A1D6ECI1,0
B4FI07,C4J4G2,0
A0A1D6JY27,A0A1D6LBD6,0
A0A1D6GWW5,A0A1D6PU15,0
A0A1D6HWV5,A0A1D6QRE1,0
B4FG25,A0A1D6JWU8,0
A0A1D6NEK2,C0HES6,0
A0A1D6P567,A0A1D6MBN2,0
A0A1D6MBX4,B4FEJ4,0
A0A096S8W7,A0A1D6GFP9,0
B6TFN4,B4FK09,0
A0A1D6IL03,Q64HC3,0
A0A1D6EVN7,A0A1D6HLC9,0
B4FZW1,A0A1D6M1I0,0
A0A1D6Q7T3,C0PPI1,0
B7ZY74,B4FYW4,0
A0A1D6F1V6,A0A1D6F227,0
A0A1D6IXM2,A0A1D6I5M5,0
A0A1D6PU88,C0PHE3,0
A0A1D6NTG8,A0A096QXB7,0
C0PLH8,C0PPI1,0
A0A1D6FF26,A0A1R3MB28,0
A0A1D6F8B8,B4FW90,0
C4JBF9,A0A1D6M4R7,0
K7TVE3,B4FXB2,0
B4FJ62,B4FXB2,0
B4FNQ9,A0A1D6FES4,0
K7TYT2,K7VZS5,0
B6UAK0,A0A1D6E8H9,0
A0A1D6G1F0,A0A1D6HXF7,0
B4FK09,B4FK57,0
A0A1D6ELW4,K7V9W1,0
A0A1D6KA29,A0A1D6KZJ5,0
A0A1D6H6R3,B4FR08,0
B6U886,B4FCU1,0
A0A1D6JDK3,A0A1D6LL25,0
A0A1D6F227,Q9MAY9,0
A0A1D6H4M0,C0HIJ3,0
A0A1D6JZK8,C4J9T9,0
B4F7S2,A0A1D6HLC9,0
A0A1D6PTR0,B4FKU2,0
B4F7Z5,A0A1D6J5J5,0
K7UZL8,B6TU32,0
B6SI29,B4FIF4,0
O49010,A0A1D6E7R3,0
K7URC3,A0A1D6NE81,0
A0A1D6LIJ2,A0A1D6LBY0,0
A0A1D6MEK7,A0A1D6HB09,0
K7VP35,B6TE04,0
B6T3V1,A0A1D6EVN7,0
A0A1D6ICF7,A6YRS1,0
B4F7Z5,A0A1D6GWB6,0
C0PFW7,A0A1D6Q5L0,0
A0A1D6G2B5,A0A1D6MTP8,0
B6UHJ4,B4FV87,0
C0PF64,A0A1D6H920,0
B6SJJ1,B6T8P9,0
A0A1D6IL08,A0A1D6M723,0
A0A1D6H920,A0A1D6L541,0
A0A1D6I2X6,B6UH99,0
B4FJ27,A0A1D6JH51,0
A0A1D6G0C7,A0A1D6PFS8,0
B4FR08,A0A1D6E8H9,0
A0A1D6E3U8,K7VZS5,0
B6U1D4,B4G0W3,0
B4F8J7,C0PEE2,0
B6TFN4,A0A1D6HEB6,0
C0PFW7,A0A1D6PW84,0
B4FVL1,A0A1D6IER4,0
B6T9P0,B4FU14,0
B6TW88,A0A1D6LNQ7,0
A0A1D6PM30,A0A1D6MTK0,0
B6U784,K7TSJ7,0
A0A1D6ET71,K7V4X2,0
B8A1N8,B4FZJ1,0
A0A1D6PM19,A0A1D6FNT7,0
A0A1D6LR51,A0A1D6PK72,0
A0A1D6KYT0,A0A1D6IGX5,0
C4JAU6,B4FDW2,0
K7U2J9,A0A1D6JJ47,0
A0A1D6E3U8,B4F8P1,0
B6T2C6,B6UFF4,0
A0A1D6KYT0,A0A1D6IYT5,0
B4FT35,A0A1D6LF73,0
A0A1D6M723,C0PK96,0
B6TZ71,A0A1D6PYY0,0
B4FUR5,A0A1D6KLQ2,0
A0A1D6MEK7,A0A1D6NTG8,0
B6TS03,A0A1R3MJR2,0
A0A1D6F1V6,A0A1D6HD77,0
A0A1D6KV46,A0A1D6KA29,0
B6SI29,B4F8N5,0
B4G0H3,O22656,0
A0A1D6FSQ0,A0A1D6FQ43,0
B6TE04,C3UZ69,0
B6UAK0,B4FP36,0
A0A1D6LXU7,K7WBK7,0
B6TS03,A0A1D6QSV7,0
B6TNK2,B6SJ90,0
B4FAA5,B4FG25,0
B4FGQ6,B6SKT2,0
B4FPI6,C0HGP0,0
A0A1D6IXM2,A0A1D6NKQ5,0
B4FPI2,A0A1D6HWV5,0
B6THF0,A0A1D6MPT6,0
A0A1D6GT24,A0A1D6ICK8,0
A0A1D6H4M0,B4FCU1,0
B4F7S2,C0PHE3,0
B4F7V9,Q548E7,0
A0A1D6KV46,A0A1D6H6R3,0
A0A1D6GSL8,A4L9Q6,0
B4FGC8,C4JBF9,0
B6SJJ1,A0A1D6L3L6,0
A0A1D6KIP3,K7V8V3,0
C0P7S8,A0A1D6JW41,0
A0A1D6JDZ1,A0A1D6QRE1,0
A0A1D6H1J5,A0A1D6MTK0,0
A0A1D6JDZ1,K7VZS5,0
A0A1D6KEA0,B6SHQ2,0
K7UX95,B4FTC1,0
B4G1C9,B4FE90,0
A0A1D6LDM7,K7VGL4,0
K7V4F4,A0A1D6F8B8,0
B4FBP8,A0A1D6H4M0,0
B4FMV3,C4J0G4,0
B4F9Z6,Q5EUD1,0
C4JAU6,B4FXB2,0
A0A1D6IHP1,A0A1D6PK72,0
B6SZY5,A0A1D6MZ39,0
A0A1D6LR51,A0A1D6PRM3,0
B6SJ34,B6SIS5,0
A0A1D6NT56,B4FT35,0
A0A1D6HAW8,A0A1D6FHP1,0
A0A1D6MA73,B4FFP9,0
A0A1D6JM71,A0A1D6E8H9,0
A0A1D6EYJ9,K7V6T4,0
A0A1D6FSD1,A0A1D6FX26,0
A0A1D6IL08,B4G1C9,0
B7ZY74,A0A1D6FHM9,0
C0PF64,B6SZE0,0
C4J5G0,A0A1D6MXH4,0
A0A1D6H6R3,B4FK57,0
A0A1D6P567,C0P7S8,0
B6TJF5,B4FVL1,0
B6T9P0,A0A1D6H1J5,0
A0A1D6HXQ9,A0A1D6Q3E8,0
A0A096QXB7,B6T828,0
A0A1D6FCQ0,A0A1D6H1J5,0
A0A1D6INR6,A0A1D6L0J1,0
A0A1D6JTN6,B6T1H0,0
B6U886,A0A1D6JD24,0
A0A1D6G1X3,B4FIE9,0
A0A1D6ELH4,A0A1D6FHP1,0
B4G0H3,A0A1D6JW41,0
B6TU32,B4FZJ1,0
A0A1D6LXU7,A0A1D6Q588,0
A0A1D6DUD4,A0A1D6FES4,0
A0A1D6JMY2,A0A1D6PU15,0
